tool_id	stage_id	adapter_status	output_contract_status	stage_output_ids	stage_expected_artifact_ids	declared_output_ids	execution_expected_output_ids	raw_output_artifact_ids	normalized_metrics_output_id	stdout_path_template	stderr_path_template	stage_result_manifest_path_template	missing_declarations	reason
adapterremoval	fastq.merge_pairs	runnable	complete	merged_reads,unmerged_reads_r1,unmerged_reads_r2,report_json,raw_backend_report_txt	merged_reads,unmerged_reads_r1,unmerged_reads_r2,report_json,raw_backend_report_txt	trimmed_reads_r1,trimmed_reads_r2,merged_reads,unmerged_reads_r1,unmerged_reads_r2,report_json,raw_backend_report_json,raw_backend_report_txt	trimmed_reads_r1,trimmed_reads_r2,merged_reads,unmerged_reads_r1,unmerged_reads_r2,report_json,raw_backend_report_json,raw_backend_report_txt	merged_reads,unmerged_reads_r1,unmerged_reads_r2,raw_backend_report_txt	report_json	runs/bench/slurm-dry-run/runs/local-benchmark-dry-run/{fixture_scope}/fastq.merge_pairs/{sample_scope}/adapterremoval/stdout.log	runs/bench/slurm-dry-run/runs/local-benchmark-dry-run/{fixture_scope}/fastq.merge_pairs/{sample_scope}/adapterremoval/stderr.log	runs/bench/slurm-dry-run/runs/local-benchmark-dry-run/{fixture_scope}/fastq.merge_pairs/{sample_scope}/adapterremoval/stage-result.json		row `fastq.merge_pairs` / `adapterremoval` declares all governed FASTQ stage outputs, a normalized metrics artifact, and deterministic stdout/stderr/result-manifest paths
adapterremoval	fastq.trim_reads	runnable	complete	trimmed_reads_r1,trimmed_reads_r2,report_json,raw_backend_report_json,raw_backend_report_txt	trimmed_reads_r1,trimmed_reads_r2,report_json	trimmed_reads_r1,trimmed_reads_r2,merged_reads,unmerged_reads_r1,unmerged_reads_r2,report_json,raw_backend_report_json,raw_backend_report_txt	trimmed_reads_r1,trimmed_reads_r2,merged_reads,unmerged_reads_r1,unmerged_reads_r2,report_json,raw_backend_report_json,raw_backend_report_txt	trimmed_reads_r1,trimmed_reads_r2	report_json	runs/bench/slurm-dry-run/runs/local-benchmark-dry-run/{fixture_scope}/fastq.trim_reads/{sample_scope}/adapterremoval/stdout.log	runs/bench/slurm-dry-run/runs/local-benchmark-dry-run/{fixture_scope}/fastq.trim_reads/{sample_scope}/adapterremoval/stderr.log	runs/bench/slurm-dry-run/runs/local-benchmark-dry-run/{fixture_scope}/fastq.trim_reads/{sample_scope}/adapterremoval/stage-result.json		row `fastq.trim_reads` / `adapterremoval` declares all governed FASTQ stage outputs, a normalized metrics artifact, and deterministic stdout/stderr/result-manifest paths
adapterremoval	fastq.trim_terminal_damage	runnable	complete	trimmed_reads_r1,trimmed_reads_r2,report_json,raw_backend_report_json	trimmed_reads_r1,trimmed_reads_r2,report_json,raw_backend_report_json	trimmed_reads_r1,trimmed_reads_r2,merged_reads,unmerged_reads_r1,unmerged_reads_r2,report_json,raw_backend_report_json,raw_backend_report_txt	trimmed_reads_r1,trimmed_reads_r2,merged_reads,unmerged_reads_r1,unmerged_reads_r2,report_json,raw_backend_report_json,raw_backend_report_txt	trimmed_reads_r1,trimmed_reads_r2,raw_backend_report_json	report_json	runs/bench/slurm-dry-run/runs/local-benchmark-dry-run/{fixture_scope}/fastq.trim_terminal_damage/{sample_scope}/adapterremoval/stdout.log	runs/bench/slurm-dry-run/runs/local-benchmark-dry-run/{fixture_scope}/fastq.trim_terminal_damage/{sample_scope}/adapterremoval/stderr.log	runs/bench/slurm-dry-run/runs/local-benchmark-dry-run/{fixture_scope}/fastq.trim_terminal_damage/{sample_scope}/adapterremoval/stage-result.json		row `fastq.trim_terminal_damage` / `adapterremoval` declares all governed FASTQ stage outputs, a normalized metrics artifact, and deterministic stdout/stderr/result-manifest paths
alientrimmer	fastq.trim_reads	runnable	complete	trimmed_reads_r1,trimmed_reads_r2,report_json,raw_backend_report_json,raw_backend_report_txt	trimmed_reads_r1,trimmed_reads_r2,report_json	trimmed_reads_r1,trimmed_reads_r2,report_json	trimmed_reads_r1,trimmed_reads_r2,report_json	trimmed_reads_r1,trimmed_reads_r2	report_json	runs/bench/slurm-dry-run/runs/local-benchmark-dry-run/{fixture_scope}/fastq.trim_reads/{sample_scope}/alientrimmer/stdout.log	runs/bench/slurm-dry-run/runs/local-benchmark-dry-run/{fixture_scope}/fastq.trim_reads/{sample_scope}/alientrimmer/stderr.log	runs/bench/slurm-dry-run/runs/local-benchmark-dry-run/{fixture_scope}/fastq.trim_reads/{sample_scope}/alientrimmer/stage-result.json		row `fastq.trim_reads` / `alientrimmer` declares all governed FASTQ stage outputs, a normalized metrics artifact, and deterministic stdout/stderr/result-manifest paths
atropos	fastq.trim_reads	runnable	complete	trimmed_reads_r1,trimmed_reads_r2,report_json,raw_backend_report_json,raw_backend_report_txt	trimmed_reads_r1,trimmed_reads_r2,report_json	trimmed_reads_r1,trimmed_reads_r2,report_json	trimmed_reads_r1,trimmed_reads_r2,report_json	trimmed_reads_r1,trimmed_reads_r2	report_json	runs/bench/slurm-dry-run/runs/local-benchmark-dry-run/{fixture_scope}/fastq.trim_reads/{sample_scope}/atropos/stdout.log	runs/bench/slurm-dry-run/runs/local-benchmark-dry-run/{fixture_scope}/fastq.trim_reads/{sample_scope}/atropos/stderr.log	runs/bench/slurm-dry-run/runs/local-benchmark-dry-run/{fixture_scope}/fastq.trim_reads/{sample_scope}/atropos/stage-result.json		row `fastq.trim_reads` / `atropos` declares all governed FASTQ stage outputs, a normalized metrics artifact, and deterministic stdout/stderr/result-manifest paths
bayeshammer	fastq.correct_errors	runnable	complete	corrected_reads_r1,corrected_reads_r2,report_json	corrected_reads_r1,corrected_reads_r2,report_json	corrected_reads_r1,corrected_reads_r2,report_json	corrected_reads_r1,report_json,corrected_reads_r2	corrected_reads_r1,corrected_reads_r2	report_json	runs/bench/slurm-dry-run/runs/local-benchmark-dry-run/{fixture_scope}/fastq.correct_errors/{sample_scope}/bayeshammer/stdout.log	runs/bench/slurm-dry-run/runs/local-benchmark-dry-run/{fixture_scope}/fastq.correct_errors/{sample_scope}/bayeshammer/stderr.log	runs/bench/slurm-dry-run/runs/local-benchmark-dry-run/{fixture_scope}/fastq.correct_errors/{sample_scope}/bayeshammer/stage-result.json		row `fastq.correct_errors` / `bayeshammer` declares all governed FASTQ stage outputs, a normalized metrics artifact, and deterministic stdout/stderr/result-manifest paths
bbduk	fastq.filter_low_complexity	runnable	complete	filtered_fastq_r1,filtered_fastq_r2,filter_report_json	filtered_fastq_r1,filtered_fastq_r2,filter_report_json	trimmed_reads_r1,trimmed_reads_r2,filtered_reads_r1,filtered_reads_r2,filtered_fastq_r1,filtered_fastq_r2,report_json,filter_report_json,raw_backend_report_txt	trimmed_reads_r1,trimmed_reads_r2,filtered_reads_r1,filtered_reads_r2,filtered_fastq_r1,filtered_fastq_r2,report_json,filter_report_json,raw_backend_report_txt	filtered_fastq_r1,filtered_fastq_r2	filter_report_json	runs/bench/slurm-dry-run/runs/local-benchmark-dry-run/{fixture_scope}/fastq.filter_low_complexity/{sample_scope}/bbduk/stdout.log	runs/bench/slurm-dry-run/runs/local-benchmark-dry-run/{fixture_scope}/fastq.filter_low_complexity/{sample_scope}/bbduk/stderr.log	runs/bench/slurm-dry-run/runs/local-benchmark-dry-run/{fixture_scope}/fastq.filter_low_complexity/{sample_scope}/bbduk/stage-result.json		row `fastq.filter_low_complexity` / `bbduk` declares all governed FASTQ stage outputs, a normalized metrics artifact, and deterministic stdout/stderr/result-manifest paths
bbduk	fastq.filter_reads	runnable	complete	filtered_reads_r1,filtered_reads_r2,report_json	filtered_reads_r1,filtered_reads_r2,report_json	trimmed_reads_r1,trimmed_reads_r2,filtered_reads_r1,filtered_reads_r2,filtered_fastq_r1,filtered_fastq_r2,report_json,filter_report_json,raw_backend_report_txt	trimmed_reads_r1,trimmed_reads_r2,filtered_reads_r1,filtered_reads_r2,filtered_fastq_r1,filtered_fastq_r2,report_json,filter_report_json,raw_backend_report_txt	filtered_reads_r1,filtered_reads_r2	report_json	runs/bench/slurm-dry-run/runs/local-benchmark-dry-run/{fixture_scope}/fastq.filter_reads/{sample_scope}/bbduk/stdout.log	runs/bench/slurm-dry-run/runs/local-benchmark-dry-run/{fixture_scope}/fastq.filter_reads/{sample_scope}/bbduk/stderr.log	runs/bench/slurm-dry-run/runs/local-benchmark-dry-run/{fixture_scope}/fastq.filter_reads/{sample_scope}/bbduk/stage-result.json		row `fastq.filter_reads` / `bbduk` declares all governed FASTQ stage outputs, a normalized metrics artifact, and deterministic stdout/stderr/result-manifest paths
bbduk	fastq.trim_polyg_tails	runnable	complete	trimmed_reads_r1,trimmed_reads_r2,report_json,raw_backend_report_json,raw_backend_report_txt	trimmed_reads_r1,trimmed_reads_r2,report_json,raw_backend_report_txt	trimmed_reads_r1,trimmed_reads_r2,filtered_reads_r1,filtered_reads_r2,filtered_fastq_r1,filtered_fastq_r2,report_json,filter_report_json,raw_backend_report_txt	trimmed_reads_r1,trimmed_reads_r2,filtered_reads_r1,filtered_reads_r2,filtered_fastq_r1,filtered_fastq_r2,report_json,filter_report_json,raw_backend_report_txt	trimmed_reads_r1,trimmed_reads_r2,raw_backend_report_txt	report_json	runs/bench/slurm-dry-run/runs/local-benchmark-dry-run/{fixture_scope}/fastq.trim_polyg_tails/{sample_scope}/bbduk/stdout.log	runs/bench/slurm-dry-run/runs/local-benchmark-dry-run/{fixture_scope}/fastq.trim_polyg_tails/{sample_scope}/bbduk/stderr.log	runs/bench/slurm-dry-run/runs/local-benchmark-dry-run/{fixture_scope}/fastq.trim_polyg_tails/{sample_scope}/bbduk/stage-result.json		row `fastq.trim_polyg_tails` / `bbduk` declares all governed FASTQ stage outputs, a normalized metrics artifact, and deterministic stdout/stderr/result-manifest paths
bbduk	fastq.trim_reads	runnable	complete	trimmed_reads_r1,trimmed_reads_r2,report_json,raw_backend_report_json,raw_backend_report_txt	trimmed_reads_r1,trimmed_reads_r2,report_json,raw_backend_report_txt	trimmed_reads_r1,trimmed_reads_r2,filtered_reads_r1,filtered_reads_r2,filtered_fastq_r1,filtered_fastq_r2,report_json,filter_report_json,raw_backend_report_txt	trimmed_reads_r1,trimmed_reads_r2,filtered_reads_r1,filtered_reads_r2,filtered_fastq_r1,filtered_fastq_r2,report_json,filter_report_json,raw_backend_report_txt	trimmed_reads_r1,trimmed_reads_r2,raw_backend_report_txt	report_json	runs/bench/slurm-dry-run/runs/local-benchmark-dry-run/{fixture_scope}/fastq.trim_reads/{sample_scope}/bbduk/stdout.log	runs/bench/slurm-dry-run/runs/local-benchmark-dry-run/{fixture_scope}/fastq.trim_reads/{sample_scope}/bbduk/stderr.log	runs/bench/slurm-dry-run/runs/local-benchmark-dry-run/{fixture_scope}/fastq.trim_reads/{sample_scope}/bbduk/stage-result.json		row `fastq.trim_reads` / `bbduk` declares all governed FASTQ stage outputs, a normalized metrics artifact, and deterministic stdout/stderr/result-manifest paths
bbmerge	fastq.merge_pairs	runnable	complete	merged_reads,unmerged_reads_r1,unmerged_reads_r2,report_json,raw_backend_report_txt	merged_reads,unmerged_reads_r1,unmerged_reads_r2,report_json,raw_backend_report_txt	merged_reads,unmerged_reads_r1,unmerged_reads_r2,report_json,raw_backend_report_txt	merged_reads,unmerged_reads_r1,unmerged_reads_r2,report_json,raw_backend_report_txt	merged_reads,unmerged_reads_r1,unmerged_reads_r2,raw_backend_report_txt	report_json	runs/bench/slurm-dry-run/runs/local-benchmark-dry-run/{fixture_scope}/fastq.merge_pairs/{sample_scope}/bbmerge/stdout.log	runs/bench/slurm-dry-run/runs/local-benchmark-dry-run/{fixture_scope}/fastq.merge_pairs/{sample_scope}/bbmerge/stderr.log	runs/bench/slurm-dry-run/runs/local-benchmark-dry-run/{fixture_scope}/fastq.merge_pairs/{sample_scope}/bbmerge/stage-result.json		row `fastq.merge_pairs` / `bbmerge` declares all governed FASTQ stage outputs, a normalized metrics artifact, and deterministic stdout/stderr/result-manifest paths
bijux_dna	fastq.detect_duplicates_premerge	runnable	complete	duplicate_signal_report	duplicate_signal_report	duplicate_signal_report,library_complexity_report	duplicate_signal_report	duplicate_signal_report	duplicate_signal_report	runs/bench/slurm-dry-run/runs/local-benchmark-dry-run/{fixture_scope}/fastq.detect_duplicates_premerge/{sample_scope}/bijux_dna/stdout.log	runs/bench/slurm-dry-run/runs/local-benchmark-dry-run/{fixture_scope}/fastq.detect_duplicates_premerge/{sample_scope}/bijux_dna/stderr.log	runs/bench/slurm-dry-run/runs/local-benchmark-dry-run/{fixture_scope}/fastq.detect_duplicates_premerge/{sample_scope}/bijux_dna/stage-result.json		row `fastq.detect_duplicates_premerge` / `bijux_dna` declares all governed FASTQ stage outputs, a normalized metrics artifact, and deterministic stdout/stderr/result-manifest paths
bijux_dna	fastq.estimate_library_complexity_prealign	runnable	complete	library_complexity_report	library_complexity_report	duplicate_signal_report,library_complexity_report	library_complexity_report	library_complexity_report	library_complexity_report	runs/bench/slurm-dry-run/runs/local-benchmark-dry-run/{fixture_scope}/fastq.estimate_library_complexity_prealign/{sample_scope}/bijux_dna/stdout.log	runs/bench/slurm-dry-run/runs/local-benchmark-dry-run/{fixture_scope}/fastq.estimate_library_complexity_prealign/{sample_scope}/bijux_dna/stderr.log	runs/bench/slurm-dry-run/runs/local-benchmark-dry-run/{fixture_scope}/fastq.estimate_library_complexity_prealign/{sample_scope}/bijux_dna/stage-result.json		row `fastq.estimate_library_complexity_prealign` / `bijux_dna` declares all governed FASTQ stage outputs, a normalized metrics artifact, and deterministic stdout/stderr/result-manifest paths
bowtie2	fastq.deplete_host	runnable	complete	host_depleted_reads_r1,host_depleted_reads_r2,removed_host_reads_r1,removed_host_reads_r2,host_depletion_report_json	host_depleted_reads_r1,host_depleted_reads_r2,removed_host_reads_r1,removed_host_reads_r2,host_depletion_report_json	host_depleted_reads_r1,host_depleted_reads_r2,removed_host_reads_r1,removed_host_reads_r2,contaminant_screened_reads_r1,contaminant_screened_reads_r2,host_depletion_report_json,contaminant_screen_report_json	host_depleted_reads_r1,host_depleted_reads_r2,removed_host_reads_r1,removed_host_reads_r2,contaminant_screened_reads_r1,contaminant_screened_reads_r2,host_depletion_report_json,contaminant_screen_report_json	host_depleted_reads_r1,host_depleted_reads_r2,removed_host_reads_r1,removed_host_reads_r2	host_depletion_report_json	runs/bench/slurm-dry-run/runs/local-benchmark-dry-run/{fixture_scope}/fastq.deplete_host/{sample_scope}/bowtie2/stdout.log	runs/bench/slurm-dry-run/runs/local-benchmark-dry-run/{fixture_scope}/fastq.deplete_host/{sample_scope}/bowtie2/stderr.log	runs/bench/slurm-dry-run/runs/local-benchmark-dry-run/{fixture_scope}/fastq.deplete_host/{sample_scope}/bowtie2/stage-result.json		row `fastq.deplete_host` / `bowtie2` declares all governed FASTQ stage outputs, a normalized metrics artifact, and deterministic stdout/stderr/result-manifest paths
bowtie2	fastq.deplete_reference_contaminants	runnable	complete	contaminant_screened_reads_r1,contaminant_screened_reads_r2,contaminant_screen_report_json	contaminant_screened_reads_r1,contaminant_screened_reads_r2,contaminant_screen_report_json	host_depleted_reads_r1,host_depleted_reads_r2,removed_host_reads_r1,removed_host_reads_r2,contaminant_screened_reads_r1,contaminant_screened_reads_r2,host_depletion_report_json,contaminant_screen_report_json	host_depleted_reads_r1,host_depleted_reads_r2,removed_host_reads_r1,removed_host_reads_r2,contaminant_screened_reads_r1,contaminant_screened_reads_r2,host_depletion_report_json,contaminant_screen_report_json	contaminant_screened_reads_r1,contaminant_screened_reads_r2	contaminant_screen_report_json	runs/bench/slurm-dry-run/runs/local-benchmark-dry-run/{fixture_scope}/fastq.deplete_reference_contaminants/{sample_scope}/bowtie2/stdout.log	runs/bench/slurm-dry-run/runs/local-benchmark-dry-run/{fixture_scope}/fastq.deplete_reference_contaminants/{sample_scope}/bowtie2/stderr.log	runs/bench/slurm-dry-run/runs/local-benchmark-dry-run/{fixture_scope}/fastq.deplete_reference_contaminants/{sample_scope}/bowtie2/stage-result.json		row `fastq.deplete_reference_contaminants` / `bowtie2` declares all governed FASTQ stage outputs, a normalized metrics artifact, and deterministic stdout/stderr/result-manifest paths
bowtie2_build	fastq.index_reference	runnable	complete	reference_index,report_json	reference_index,report_json	reference_index,report_json	reference_index,report_json	reference_index	report_json	runs/bench/slurm-dry-run/runs/local-benchmark-dry-run/{fixture_scope}/fastq.index_reference/{sample_scope}/bowtie2_build/stdout.log	runs/bench/slurm-dry-run/runs/local-benchmark-dry-run/{fixture_scope}/fastq.index_reference/{sample_scope}/bowtie2_build/stderr.log	runs/bench/slurm-dry-run/runs/local-benchmark-dry-run/{fixture_scope}/fastq.index_reference/{sample_scope}/bowtie2_build/stage-result.json		row `fastq.index_reference` / `bowtie2_build` declares all governed FASTQ stage outputs, a normalized metrics artifact, and deterministic stdout/stderr/result-manifest paths
centrifuge	fastq.screen_taxonomy	runnable	complete	screen_report_tsv,classification_report_json,unclassified_reads_r1,unclassified_reads_r2	screen_report_tsv,classification_report_json	screen_report_tsv,classification_report_json	classification_report_json,screen_report_tsv	screen_report_tsv	classification_report_json	runs/bench/slurm-dry-run/runs/local-benchmark-dry-run/{fixture_scope}/fastq.screen_taxonomy/{sample_scope}/centrifuge/stdout.log	runs/bench/slurm-dry-run/runs/local-benchmark-dry-run/{fixture_scope}/fastq.screen_taxonomy/{sample_scope}/centrifuge/stderr.log	runs/bench/slurm-dry-run/runs/local-benchmark-dry-run/{fixture_scope}/fastq.screen_taxonomy/{sample_scope}/centrifuge/stage-result.json		row `fastq.screen_taxonomy` / `centrifuge` declares all governed FASTQ stage outputs, a normalized metrics artifact, and deterministic stdout/stderr/result-manifest paths
clumpify	fastq.remove_duplicates	runnable	complete	dedup_reads_r1,dedup_reads_r2,duplicate_classes_tsv,duplicate_provenance_json,report_json	dedup_reads_r1,dedup_reads_r2,duplicate_classes_tsv,duplicate_provenance_json,report_json	dedup_reads_r1,dedup_reads_r2,duplicate_classes_tsv,duplicate_provenance_json,report_json	dedup_reads_r1,duplicate_classes_tsv,duplicate_provenance_json,report_json,dedup_reads_r2	dedup_reads_r1,dedup_reads_r2,duplicate_classes_tsv,duplicate_provenance_json	report_json	runs/bench/slurm-dry-run/runs/local-benchmark-dry-run/{fixture_scope}/fastq.remove_duplicates/{sample_scope}/clumpify/stdout.log	runs/bench/slurm-dry-run/runs/local-benchmark-dry-run/{fixture_scope}/fastq.remove_duplicates/{sample_scope}/clumpify/stderr.log	runs/bench/slurm-dry-run/runs/local-benchmark-dry-run/{fixture_scope}/fastq.remove_duplicates/{sample_scope}/clumpify/stage-result.json		row `fastq.remove_duplicates` / `clumpify` declares all governed FASTQ stage outputs, a normalized metrics artifact, and deterministic stdout/stderr/result-manifest paths
cutadapt	fastq.normalize_primers	runnable	complete	normalized_reads_r1,normalized_reads_r2,report_json,primer_orientation_report,primer_stats_json	normalized_reads_r1,normalized_reads_r2,report_json,primer_orientation_report,primer_stats_json	trimmed_reads_r1,trimmed_reads_r2,normalized_reads_r1,normalized_reads_r2,report_json,raw_backend_report_json,primer_orientation_report,primer_stats_json	trimmed_reads_r1,trimmed_reads_r2,normalized_reads_r1,normalized_reads_r2,report_json,raw_backend_report_json,primer_orientation_report,primer_stats_json	normalized_reads_r1,normalized_reads_r2,primer_orientation_report,primer_stats_json	report_json	runs/bench/slurm-dry-run/runs/local-benchmark-dry-run/{fixture_scope}/fastq.normalize_primers/{sample_scope}/cutadapt/stdout.log	runs/bench/slurm-dry-run/runs/local-benchmark-dry-run/{fixture_scope}/fastq.normalize_primers/{sample_scope}/cutadapt/stderr.log	runs/bench/slurm-dry-run/runs/local-benchmark-dry-run/{fixture_scope}/fastq.normalize_primers/{sample_scope}/cutadapt/stage-result.json		row `fastq.normalize_primers` / `cutadapt` declares all governed FASTQ stage outputs, a normalized metrics artifact, and deterministic stdout/stderr/result-manifest paths
cutadapt	fastq.trim_reads	runnable	complete	trimmed_reads_r1,trimmed_reads_r2,report_json,raw_backend_report_json,raw_backend_report_txt	trimmed_reads_r1,trimmed_reads_r2,report_json,raw_backend_report_json	trimmed_reads_r1,trimmed_reads_r2,normalized_reads_r1,normalized_reads_r2,report_json,raw_backend_report_json,primer_orientation_report,primer_stats_json	trimmed_reads_r1,trimmed_reads_r2,normalized_reads_r1,normalized_reads_r2,report_json,raw_backend_report_json,primer_orientation_report,primer_stats_json	trimmed_reads_r1,trimmed_reads_r2,raw_backend_report_json	report_json	runs/bench/slurm-dry-run/runs/local-benchmark-dry-run/{fixture_scope}/fastq.trim_reads/{sample_scope}/cutadapt/stdout.log	runs/bench/slurm-dry-run/runs/local-benchmark-dry-run/{fixture_scope}/fastq.trim_reads/{sample_scope}/cutadapt/stderr.log	runs/bench/slurm-dry-run/runs/local-benchmark-dry-run/{fixture_scope}/fastq.trim_reads/{sample_scope}/cutadapt/stage-result.json		row `fastq.trim_reads` / `cutadapt` declares all governed FASTQ stage outputs, a normalized metrics artifact, and deterministic stdout/stderr/result-manifest paths
cutadapt	fastq.trim_terminal_damage	runnable	complete	trimmed_reads_r1,trimmed_reads_r2,report_json,raw_backend_report_json	trimmed_reads_r1,trimmed_reads_r2,report_json,raw_backend_report_json	trimmed_reads_r1,trimmed_reads_r2,normalized_reads_r1,normalized_reads_r2,report_json,raw_backend_report_json,primer_orientation_report,primer_stats_json	trimmed_reads_r1,trimmed_reads_r2,normalized_reads_r1,normalized_reads_r2,report_json,raw_backend_report_json,primer_orientation_report,primer_stats_json	trimmed_reads_r1,trimmed_reads_r2,raw_backend_report_json	report_json	runs/bench/slurm-dry-run/runs/local-benchmark-dry-run/{fixture_scope}/fastq.trim_terminal_damage/{sample_scope}/cutadapt/stdout.log	runs/bench/slurm-dry-run/runs/local-benchmark-dry-run/{fixture_scope}/fastq.trim_terminal_damage/{sample_scope}/cutadapt/stderr.log	runs/bench/slurm-dry-run/runs/local-benchmark-dry-run/{fixture_scope}/fastq.trim_terminal_damage/{sample_scope}/cutadapt/stage-result.json		row `fastq.trim_terminal_damage` / `cutadapt` declares all governed FASTQ stage outputs, a normalized metrics artifact, and deterministic stdout/stderr/result-manifest paths
dada2	fastq.infer_asvs	runnable	complete	asv_table_tsv,asv_sequences_fasta,taxonomy_ready_fasta,taxonomy_ready_fastq,report_json	asv_table_tsv,asv_sequences_fasta,taxonomy_ready_fasta,taxonomy_ready_fastq,report_json	asv_table_tsv,asv_sequences_fasta,taxonomy_ready_fasta,taxonomy_ready_fastq,report_json	asv_table_tsv,asv_sequences_fasta,taxonomy_ready_fasta,taxonomy_ready_fastq,report_json	asv_table_tsv,asv_sequences_fasta,taxonomy_ready_fasta,taxonomy_ready_fastq	report_json	runs/bench/slurm-dry-run/runs/local-benchmark-dry-run/{fixture_scope}/fastq.infer_asvs/{sample_scope}/dada2/stdout.log	runs/bench/slurm-dry-run/runs/local-benchmark-dry-run/{fixture_scope}/fastq.infer_asvs/{sample_scope}/dada2/stderr.log	runs/bench/slurm-dry-run/runs/local-benchmark-dry-run/{fixture_scope}/fastq.infer_asvs/{sample_scope}/dada2/stage-result.json		row `fastq.infer_asvs` / `dada2` declares all governed FASTQ stage outputs, a normalized metrics artifact, and deterministic stdout/stderr/result-manifest paths
dustmasker	fastq.filter_low_complexity	declared_only	missing_adapter	filtered_fastq_r1,filtered_fastq_r2,filter_report_json									adapter	row `fastq.filter_low_complexity` / `dustmasker` has no runnable or plannable FASTQ adapter (`declared_only`)
fastp	fastq.filter_low_complexity	declared_only	missing_adapter	filtered_fastq_r1,filtered_fastq_r2,filter_report_json									adapter	row `fastq.filter_low_complexity` / `fastp` has no runnable or plannable FASTQ adapter (`declared_only`)
fastp	fastq.filter_reads	runnable	complete	filtered_reads_r1,filtered_reads_r2,report_json	filtered_reads_r1,filtered_reads_r2,report_json	trimmed_reads_r1,trimmed_reads_r2,filtered_reads_r1,filtered_reads_r2,filtered_fastq_r1,filtered_fastq_r2,report_json,raw_backend_report_json,filter_report_json,length_distribution_tsv,length_distribution_json	filtered_reads_r1,report_json,filtered_reads_r2	filtered_reads_r1,filtered_reads_r2	report_json	runs/bench/slurm-dry-run/runs/local-benchmark-dry-run/{fixture_scope}/fastq.filter_reads/{sample_scope}/fastp/stdout.log	runs/bench/slurm-dry-run/runs/local-benchmark-dry-run/{fixture_scope}/fastq.filter_reads/{sample_scope}/fastp/stderr.log	runs/bench/slurm-dry-run/runs/local-benchmark-dry-run/{fixture_scope}/fastq.filter_reads/{sample_scope}/fastp/stage-result.json		row `fastq.filter_reads` / `fastp` declares all governed FASTQ stage outputs, a normalized metrics artifact, and deterministic stdout/stderr/result-manifest paths
fastp	fastq.profile_read_lengths	runnable	complete	report_json,length_distribution_tsv,length_distribution_json	report_json,length_distribution_tsv,length_distribution_json	trimmed_reads_r1,trimmed_reads_r2,filtered_reads_r1,filtered_reads_r2,filtered_fastq_r1,filtered_fastq_r2,report_json,raw_backend_report_json,filter_report_json,length_distribution_tsv,length_distribution_json	report_json,length_distribution_tsv,length_distribution_json	length_distribution_tsv,length_distribution_json	report_json	runs/bench/slurm-dry-run/runs/local-benchmark-dry-run/{fixture_scope}/fastq.profile_read_lengths/{sample_scope}/fastp/stdout.log	runs/bench/slurm-dry-run/runs/local-benchmark-dry-run/{fixture_scope}/fastq.profile_read_lengths/{sample_scope}/fastp/stderr.log	runs/bench/slurm-dry-run/runs/local-benchmark-dry-run/{fixture_scope}/fastq.profile_read_lengths/{sample_scope}/fastp/stage-result.json		row `fastq.profile_read_lengths` / `fastp` declares all governed FASTQ stage outputs, a normalized metrics artifact, and deterministic stdout/stderr/result-manifest paths
fastp	fastq.trim_polyg_tails	runnable	complete	trimmed_reads_r1,trimmed_reads_r2,report_json,raw_backend_report_json,raw_backend_report_txt	trimmed_reads_r1,trimmed_reads_r2,report_json,raw_backend_report_json	trimmed_reads_r1,trimmed_reads_r2,filtered_reads_r1,filtered_reads_r2,filtered_fastq_r1,filtered_fastq_r2,report_json,raw_backend_report_json,filter_report_json,length_distribution_tsv,length_distribution_json	trimmed_reads_r1,report_json,raw_backend_report_json,trimmed_reads_r2	trimmed_reads_r1,trimmed_reads_r2,raw_backend_report_json	report_json	runs/bench/slurm-dry-run/runs/local-benchmark-dry-run/{fixture_scope}/fastq.trim_polyg_tails/{sample_scope}/fastp/stdout.log	runs/bench/slurm-dry-run/runs/local-benchmark-dry-run/{fixture_scope}/fastq.trim_polyg_tails/{sample_scope}/fastp/stderr.log	runs/bench/slurm-dry-run/runs/local-benchmark-dry-run/{fixture_scope}/fastq.trim_polyg_tails/{sample_scope}/fastp/stage-result.json		row `fastq.trim_polyg_tails` / `fastp` declares all governed FASTQ stage outputs, a normalized metrics artifact, and deterministic stdout/stderr/result-manifest paths
fastp	fastq.trim_reads	runnable	complete	trimmed_reads_r1,trimmed_reads_r2,report_json,raw_backend_report_json,raw_backend_report_txt	trimmed_reads_r1,trimmed_reads_r2,report_json,raw_backend_report_json	trimmed_reads_r1,trimmed_reads_r2,filtered_reads_r1,filtered_reads_r2,filtered_fastq_r1,filtered_fastq_r2,report_json,raw_backend_report_json,filter_report_json,length_distribution_tsv,length_distribution_json	trimmed_reads_r1,report_json,raw_backend_report_json,trimmed_reads_r2	trimmed_reads_r1,trimmed_reads_r2,raw_backend_report_json	report_json	runs/bench/slurm-dry-run/runs/local-benchmark-dry-run/{fixture_scope}/fastq.trim_reads/{sample_scope}/fastp/stdout.log	runs/bench/slurm-dry-run/runs/local-benchmark-dry-run/{fixture_scope}/fastq.trim_reads/{sample_scope}/fastp/stderr.log	runs/bench/slurm-dry-run/runs/local-benchmark-dry-run/{fixture_scope}/fastq.trim_reads/{sample_scope}/fastp/stage-result.json		row `fastq.trim_reads` / `fastp` declares all governed FASTQ stage outputs, a normalized metrics artifact, and deterministic stdout/stderr/result-manifest paths
fastq_scan	fastq.profile_overrepresented_sequences	runnable	complete	overrepresented_sequences_tsv,overrepresented_sequences_json,report_json	overrepresented_sequences_tsv,overrepresented_sequences_json,report_json	validation_report,validated_reads_manifest,overrepresented_sequences_tsv,overrepresented_sequences_json,report_json	validation_report,validated_reads_manifest,overrepresented_sequences_tsv,overrepresented_sequences_json,report_json	overrepresented_sequences_tsv,overrepresented_sequences_json	report_json	runs/bench/slurm-dry-run/runs/local-benchmark-dry-run/{fixture_scope}/fastq.profile_overrepresented_sequences/{sample_scope}/fastq_scan/stdout.log	runs/bench/slurm-dry-run/runs/local-benchmark-dry-run/{fixture_scope}/fastq.profile_overrepresented_sequences/{sample_scope}/fastq_scan/stderr.log	runs/bench/slurm-dry-run/runs/local-benchmark-dry-run/{fixture_scope}/fastq.profile_overrepresented_sequences/{sample_scope}/fastq_scan/stage-result.json		row `fastq.profile_overrepresented_sequences` / `fastq_scan` declares all governed FASTQ stage outputs, a normalized metrics artifact, and deterministic stdout/stderr/result-manifest paths
fastq_scan	fastq.validate_reads	runnable	complete	validation_report,validated_reads_manifest	validation_report,validated_reads_manifest	validation_report,validated_reads_manifest,overrepresented_sequences_tsv,overrepresented_sequences_json,report_json	validation_report,validated_reads_manifest,overrepresented_sequences_tsv,overrepresented_sequences_json,report_json	validated_reads_manifest	validation_report	runs/bench/slurm-dry-run/runs/local-benchmark-dry-run/{fixture_scope}/fastq.validate_reads/{sample_scope}/fastq_scan/stdout.log	runs/bench/slurm-dry-run/runs/local-benchmark-dry-run/{fixture_scope}/fastq.validate_reads/{sample_scope}/fastq_scan/stderr.log	runs/bench/slurm-dry-run/runs/local-benchmark-dry-run/{fixture_scope}/fastq.validate_reads/{sample_scope}/fastq_scan/stage-result.json		row `fastq.validate_reads` / `fastq_scan` declares all governed FASTQ stage outputs, a normalized metrics artifact, and deterministic stdout/stderr/result-manifest paths
fastqc	fastq.detect_adapters	runnable	complete	report_json,adapter_report,adapter_evidence_dir	report_json,adapter_report,adapter_evidence_dir	validation_report,validated_reads_manifest,adapter_report,adapter_evidence_dir,overrepresented_sequences_tsv,overrepresented_sequences_json,report_json	validation_report,validated_reads_manifest,adapter_report,adapter_evidence_dir,overrepresented_sequences_tsv,overrepresented_sequences_json,report_json	adapter_report,adapter_evidence_dir	report_json	runs/bench/slurm-dry-run/runs/local-benchmark-dry-run/{fixture_scope}/fastq.detect_adapters/{sample_scope}/fastqc/stdout.log	runs/bench/slurm-dry-run/runs/local-benchmark-dry-run/{fixture_scope}/fastq.detect_adapters/{sample_scope}/fastqc/stderr.log	runs/bench/slurm-dry-run/runs/local-benchmark-dry-run/{fixture_scope}/fastq.detect_adapters/{sample_scope}/fastqc/stage-result.json		row `fastq.detect_adapters` / `fastqc` declares all governed FASTQ stage outputs, a normalized metrics artifact, and deterministic stdout/stderr/result-manifest paths
fastqc	fastq.profile_overrepresented_sequences	runnable	complete	overrepresented_sequences_tsv,overrepresented_sequences_json,report_json	overrepresented_sequences_tsv,overrepresented_sequences_json,report_json	validation_report,validated_reads_manifest,adapter_report,adapter_evidence_dir,overrepresented_sequences_tsv,overrepresented_sequences_json,report_json	validation_report,validated_reads_manifest,adapter_report,adapter_evidence_dir,overrepresented_sequences_tsv,overrepresented_sequences_json,report_json	overrepresented_sequences_tsv,overrepresented_sequences_json	report_json	runs/bench/slurm-dry-run/runs/local-benchmark-dry-run/{fixture_scope}/fastq.profile_overrepresented_sequences/{sample_scope}/fastqc/stdout.log	runs/bench/slurm-dry-run/runs/local-benchmark-dry-run/{fixture_scope}/fastq.profile_overrepresented_sequences/{sample_scope}/fastqc/stderr.log	runs/bench/slurm-dry-run/runs/local-benchmark-dry-run/{fixture_scope}/fastq.profile_overrepresented_sequences/{sample_scope}/fastqc/stage-result.json		row `fastq.profile_overrepresented_sequences` / `fastqc` declares all governed FASTQ stage outputs, a normalized metrics artifact, and deterministic stdout/stderr/result-manifest paths
fastqc	fastq.validate_reads	runnable	complete	validation_report,validated_reads_manifest	validation_report,validated_reads_manifest	validation_report,validated_reads_manifest,adapter_report,adapter_evidence_dir,overrepresented_sequences_tsv,overrepresented_sequences_json,report_json	validation_report,validated_reads_manifest,adapter_report,adapter_evidence_dir,overrepresented_sequences_tsv,overrepresented_sequences_json,report_json	validated_reads_manifest	validation_report	runs/bench/slurm-dry-run/runs/local-benchmark-dry-run/{fixture_scope}/fastq.validate_reads/{sample_scope}/fastqc/stdout.log	runs/bench/slurm-dry-run/runs/local-benchmark-dry-run/{fixture_scope}/fastq.validate_reads/{sample_scope}/fastqc/stderr.log	runs/bench/slurm-dry-run/runs/local-benchmark-dry-run/{fixture_scope}/fastq.validate_reads/{sample_scope}/fastqc/stage-result.json		row `fastq.validate_reads` / `fastqc` declares all governed FASTQ stage outputs, a normalized metrics artifact, and deterministic stdout/stderr/result-manifest paths
fastqvalidator	fastq.validate_reads	runnable	complete	validation_report,validated_reads_manifest	validation_report,validated_reads_manifest	validation_report,validated_reads_manifest	validation_report,validated_reads_manifest	validated_reads_manifest	validation_report	runs/bench/slurm-dry-run/runs/local-benchmark-dry-run/{fixture_scope}/fastq.validate_reads/{sample_scope}/fastqvalidator/stdout.log	runs/bench/slurm-dry-run/runs/local-benchmark-dry-run/{fixture_scope}/fastq.validate_reads/{sample_scope}/fastqvalidator/stderr.log	runs/bench/slurm-dry-run/runs/local-benchmark-dry-run/{fixture_scope}/fastq.validate_reads/{sample_scope}/fastqvalidator/stage-result.json		row `fastq.validate_reads` / `fastqvalidator` declares all governed FASTQ stage outputs, a normalized metrics artifact, and deterministic stdout/stderr/result-manifest paths
fastuniq	fastq.remove_duplicates	runnable	complete	dedup_reads_r1,dedup_reads_r2,duplicate_classes_tsv,duplicate_provenance_json,report_json	dedup_reads_r1,dedup_reads_r2,duplicate_classes_tsv,duplicate_provenance_json,report_json	dedup_reads_r1,dedup_reads_r2,duplicate_classes_tsv,duplicate_provenance_json,report_json	dedup_reads_r1,dedup_reads_r2,duplicate_classes_tsv,duplicate_provenance_json,report_json	dedup_reads_r1,dedup_reads_r2,duplicate_classes_tsv,duplicate_provenance_json	report_json	runs/bench/slurm-dry-run/runs/local-benchmark-dry-run/{fixture_scope}/fastq.remove_duplicates/{sample_scope}/fastuniq/stdout.log	runs/bench/slurm-dry-run/runs/local-benchmark-dry-run/{fixture_scope}/fastq.remove_duplicates/{sample_scope}/fastuniq/stderr.log	runs/bench/slurm-dry-run/runs/local-benchmark-dry-run/{fixture_scope}/fastq.remove_duplicates/{sample_scope}/fastuniq/stage-result.json		row `fastq.remove_duplicates` / `fastuniq` declares all governed FASTQ stage outputs, a normalized metrics artifact, and deterministic stdout/stderr/result-manifest paths
fastx_clipper	fastq.trim_reads	runnable	complete	trimmed_reads_r1,trimmed_reads_r2,report_json,raw_backend_report_json,raw_backend_report_txt	trimmed_reads_r1,trimmed_reads_r2,report_json	trimmed_reads_r1,trimmed_reads_r2,report_json	trimmed_reads_r1,trimmed_reads_r2,report_json	trimmed_reads_r1,trimmed_reads_r2	report_json	runs/bench/slurm-dry-run/runs/local-benchmark-dry-run/{fixture_scope}/fastq.trim_reads/{sample_scope}/fastx_clipper/stdout.log	runs/bench/slurm-dry-run/runs/local-benchmark-dry-run/{fixture_scope}/fastq.trim_reads/{sample_scope}/fastx_clipper/stderr.log	runs/bench/slurm-dry-run/runs/local-benchmark-dry-run/{fixture_scope}/fastq.trim_reads/{sample_scope}/fastx_clipper/stage-result.json		row `fastq.trim_reads` / `fastx_clipper` declares all governed FASTQ stage outputs, a normalized metrics artifact, and deterministic stdout/stderr/result-manifest paths
flash2	fastq.merge_pairs	runnable	complete	merged_reads,unmerged_reads_r1,unmerged_reads_r2,report_json,raw_backend_report_txt	merged_reads,unmerged_reads_r1,unmerged_reads_r2,report_json,raw_backend_report_txt	merged_reads,unmerged_reads_r1,unmerged_reads_r2,report_json,raw_backend_report_txt	merged_reads,unmerged_reads_r1,unmerged_reads_r2,report_json,raw_backend_report_txt	merged_reads,unmerged_reads_r1,unmerged_reads_r2,raw_backend_report_txt	report_json	runs/bench/slurm-dry-run/runs/local-benchmark-dry-run/{fixture_scope}/fastq.merge_pairs/{sample_scope}/flash2/stdout.log	runs/bench/slurm-dry-run/runs/local-benchmark-dry-run/{fixture_scope}/fastq.merge_pairs/{sample_scope}/flash2/stderr.log	runs/bench/slurm-dry-run/runs/local-benchmark-dry-run/{fixture_scope}/fastq.merge_pairs/{sample_scope}/flash2/stage-result.json		row `fastq.merge_pairs` / `flash2` declares all governed FASTQ stage outputs, a normalized metrics artifact, and deterministic stdout/stderr/result-manifest paths
fqtools	fastq.validate_reads	runnable	complete	validation_report,validated_reads_manifest	validation_report,validated_reads_manifest	validation_report,validated_reads_manifest	validation_report,validated_reads_manifest	validated_reads_manifest	validation_report	runs/bench/slurm-dry-run/runs/local-benchmark-dry-run/{fixture_scope}/fastq.validate_reads/{sample_scope}/fqtools/stdout.log	runs/bench/slurm-dry-run/runs/local-benchmark-dry-run/{fixture_scope}/fastq.validate_reads/{sample_scope}/fqtools/stderr.log	runs/bench/slurm-dry-run/runs/local-benchmark-dry-run/{fixture_scope}/fastq.validate_reads/{sample_scope}/fqtools/stage-result.json		row `fastq.validate_reads` / `fqtools` declares all governed FASTQ stage outputs, a normalized metrics artifact, and deterministic stdout/stderr/result-manifest paths
kaiju	fastq.screen_taxonomy	runnable	complete	screen_report_tsv,classification_report_json,unclassified_reads_r1,unclassified_reads_r2	screen_report_tsv,classification_report_json	screen_report_tsv,classification_report_json	classification_report_json,screen_report_tsv	screen_report_tsv	classification_report_json	runs/bench/slurm-dry-run/runs/local-benchmark-dry-run/{fixture_scope}/fastq.screen_taxonomy/{sample_scope}/kaiju/stdout.log	runs/bench/slurm-dry-run/runs/local-benchmark-dry-run/{fixture_scope}/fastq.screen_taxonomy/{sample_scope}/kaiju/stderr.log	runs/bench/slurm-dry-run/runs/local-benchmark-dry-run/{fixture_scope}/fastq.screen_taxonomy/{sample_scope}/kaiju/stage-result.json		row `fastq.screen_taxonomy` / `kaiju` declares all governed FASTQ stage outputs, a normalized metrics artifact, and deterministic stdout/stderr/result-manifest paths
kraken2	fastq.screen_taxonomy	runnable	complete	screen_report_tsv,classification_report_json,unclassified_reads_r1,unclassified_reads_r2	screen_report_tsv,classification_report_json,unclassified_reads_r1,unclassified_reads_r2	screen_report_tsv,classification_report_json,unclassified_reads_r1,unclassified_reads_r2	classification_report_json,screen_report_tsv,unclassified_reads_r1,unclassified_reads_r2	screen_report_tsv,unclassified_reads_r1,unclassified_reads_r2	classification_report_json	runs/bench/slurm-dry-run/runs/local-benchmark-dry-run/{fixture_scope}/fastq.screen_taxonomy/{sample_scope}/kraken2/stdout.log	runs/bench/slurm-dry-run/runs/local-benchmark-dry-run/{fixture_scope}/fastq.screen_taxonomy/{sample_scope}/kraken2/stderr.log	runs/bench/slurm-dry-run/runs/local-benchmark-dry-run/{fixture_scope}/fastq.screen_taxonomy/{sample_scope}/kraken2/stage-result.json		row `fastq.screen_taxonomy` / `kraken2` declares all governed FASTQ stage outputs, a normalized metrics artifact, and deterministic stdout/stderr/result-manifest paths
krakenuniq	fastq.screen_taxonomy	runnable	complete	screen_report_tsv,classification_report_json,unclassified_reads_r1,unclassified_reads_r2	screen_report_tsv,classification_report_json	screen_report_tsv,classification_report_json	screen_report_tsv,classification_report_json	screen_report_tsv	classification_report_json	runs/bench/slurm-dry-run/runs/local-benchmark-dry-run/{fixture_scope}/fastq.screen_taxonomy/{sample_scope}/krakenuniq/stdout.log	runs/bench/slurm-dry-run/runs/local-benchmark-dry-run/{fixture_scope}/fastq.screen_taxonomy/{sample_scope}/krakenuniq/stderr.log	runs/bench/slurm-dry-run/runs/local-benchmark-dry-run/{fixture_scope}/fastq.screen_taxonomy/{sample_scope}/krakenuniq/stage-result.json		row `fastq.screen_taxonomy` / `krakenuniq` declares all governed FASTQ stage outputs, a normalized metrics artifact, and deterministic stdout/stderr/result-manifest paths
leehom	fastq.merge_pairs	runnable	complete	merged_reads,unmerged_reads_r1,unmerged_reads_r2,report_json,raw_backend_report_txt	merged_reads,unmerged_reads_r1,unmerged_reads_r2,report_json,raw_backend_report_txt	trimmed_reads_r1,trimmed_reads_r2,merged_reads,unmerged_reads_r1,unmerged_reads_r2,report_json,raw_backend_report_txt	trimmed_reads_r1,trimmed_reads_r2,merged_reads,unmerged_reads_r1,unmerged_reads_r2,report_json,raw_backend_report_txt	merged_reads,unmerged_reads_r1,unmerged_reads_r2,raw_backend_report_txt	report_json	runs/bench/slurm-dry-run/runs/local-benchmark-dry-run/{fixture_scope}/fastq.merge_pairs/{sample_scope}/leehom/stdout.log	runs/bench/slurm-dry-run/runs/local-benchmark-dry-run/{fixture_scope}/fastq.merge_pairs/{sample_scope}/leehom/stderr.log	runs/bench/slurm-dry-run/runs/local-benchmark-dry-run/{fixture_scope}/fastq.merge_pairs/{sample_scope}/leehom/stage-result.json		row `fastq.merge_pairs` / `leehom` declares all governed FASTQ stage outputs, a normalized metrics artifact, and deterministic stdout/stderr/result-manifest paths
leehom	fastq.trim_reads	runnable	complete	trimmed_reads_r1,trimmed_reads_r2,report_json,raw_backend_report_json,raw_backend_report_txt	trimmed_reads_r1,trimmed_reads_r2,report_json	trimmed_reads_r1,trimmed_reads_r2,merged_reads,unmerged_reads_r1,unmerged_reads_r2,report_json,raw_backend_report_txt	trimmed_reads_r1,trimmed_reads_r2,merged_reads,unmerged_reads_r1,unmerged_reads_r2,report_json,raw_backend_report_txt	trimmed_reads_r1,trimmed_reads_r2	report_json	runs/bench/slurm-dry-run/runs/local-benchmark-dry-run/{fixture_scope}/fastq.trim_reads/{sample_scope}/leehom/stdout.log	runs/bench/slurm-dry-run/runs/local-benchmark-dry-run/{fixture_scope}/fastq.trim_reads/{sample_scope}/leehom/stderr.log	runs/bench/slurm-dry-run/runs/local-benchmark-dry-run/{fixture_scope}/fastq.trim_reads/{sample_scope}/leehom/stage-result.json		row `fastq.trim_reads` / `leehom` declares all governed FASTQ stage outputs, a normalized metrics artifact, and deterministic stdout/stderr/result-manifest paths
lighter	fastq.correct_errors	runnable	complete	corrected_reads_r1,corrected_reads_r2,report_json	corrected_reads_r1,corrected_reads_r2,report_json	corrected_reads_r1,corrected_reads_r2,report_json	corrected_reads_r1,report_json,corrected_reads_r2	corrected_reads_r1,corrected_reads_r2	report_json	runs/bench/slurm-dry-run/runs/local-benchmark-dry-run/{fixture_scope}/fastq.correct_errors/{sample_scope}/lighter/stdout.log	runs/bench/slurm-dry-run/runs/local-benchmark-dry-run/{fixture_scope}/fastq.correct_errors/{sample_scope}/lighter/stderr.log	runs/bench/slurm-dry-run/runs/local-benchmark-dry-run/{fixture_scope}/fastq.correct_errors/{sample_scope}/lighter/stage-result.json		row `fastq.correct_errors` / `lighter` declares all governed FASTQ stage outputs, a normalized metrics artifact, and deterministic stdout/stderr/result-manifest paths
multiqc	fastq.report_qc	runnable	complete	report_json,multiqc_report,multiqc_data,governed_qc_inputs_manifest	report_json,multiqc_report,multiqc_data,governed_qc_inputs_manifest	report_json,multiqc_report,multiqc_data,governed_qc_inputs_manifest	report_json,multiqc_report,multiqc_data,governed_qc_inputs_manifest	multiqc_report,multiqc_data,governed_qc_inputs_manifest	report_json	runs/bench/slurm-dry-run/runs/local-benchmark-dry-run/{fixture_scope}/fastq.report_qc/{sample_scope}/multiqc/stdout.log	runs/bench/slurm-dry-run/runs/local-benchmark-dry-run/{fixture_scope}/fastq.report_qc/{sample_scope}/multiqc/stderr.log	runs/bench/slurm-dry-run/runs/local-benchmark-dry-run/{fixture_scope}/fastq.report_qc/{sample_scope}/multiqc/stage-result.json		row `fastq.report_qc` / `multiqc` declares all governed FASTQ stage outputs, a normalized metrics artifact, and deterministic stdout/stderr/result-manifest paths
musket	fastq.correct_errors	runnable	complete	corrected_reads_r1,corrected_reads_r2,report_json	corrected_reads_r1,corrected_reads_r2,report_json	corrected_reads_r1,corrected_reads_r2,report_json	corrected_reads_r1,report_json,corrected_reads_r2	corrected_reads_r1,corrected_reads_r2	report_json	runs/bench/slurm-dry-run/runs/local-benchmark-dry-run/{fixture_scope}/fastq.correct_errors/{sample_scope}/musket/stdout.log	runs/bench/slurm-dry-run/runs/local-benchmark-dry-run/{fixture_scope}/fastq.correct_errors/{sample_scope}/musket/stderr.log	runs/bench/slurm-dry-run/runs/local-benchmark-dry-run/{fixture_scope}/fastq.correct_errors/{sample_scope}/musket/stage-result.json		row `fastq.correct_errors` / `musket` declares all governed FASTQ stage outputs, a normalized metrics artifact, and deterministic stdout/stderr/result-manifest paths
pear	fastq.merge_pairs	runnable	complete	merged_reads,unmerged_reads_r1,unmerged_reads_r2,report_json,raw_backend_report_txt	merged_reads,unmerged_reads_r1,unmerged_reads_r2,report_json,raw_backend_report_txt	merged_reads,unmerged_reads_r1,unmerged_reads_r2,report_json,raw_backend_report_txt	merged_reads,unmerged_reads_r1,unmerged_reads_r2,report_json,raw_backend_report_txt	merged_reads,unmerged_reads_r1,unmerged_reads_r2,raw_backend_report_txt	report_json	runs/bench/slurm-dry-run/runs/local-benchmark-dry-run/{fixture_scope}/fastq.merge_pairs/{sample_scope}/pear/stdout.log	runs/bench/slurm-dry-run/runs/local-benchmark-dry-run/{fixture_scope}/fastq.merge_pairs/{sample_scope}/pear/stderr.log	runs/bench/slurm-dry-run/runs/local-benchmark-dry-run/{fixture_scope}/fastq.merge_pairs/{sample_scope}/pear/stage-result.json		row `fastq.merge_pairs` / `pear` declares all governed FASTQ stage outputs, a normalized metrics artifact, and deterministic stdout/stderr/result-manifest paths
prinseq	fastq.filter_low_complexity	runnable	complete	filtered_fastq_r1,filtered_fastq_r2,filter_report_json	filtered_fastq_r1,filtered_fastq_r2,filter_report_json	trimmed_reads_r1,trimmed_reads_r2,filtered_reads_r1,filtered_reads_r2,filtered_fastq_r1,filtered_fastq_r2,report_json,filter_report_json,length_distribution_tsv,length_distribution_json	trimmed_reads_r1,trimmed_reads_r2,filtered_reads_r1,filtered_reads_r2,filtered_fastq_r1,filtered_fastq_r2,report_json,filter_report_json,length_distribution_tsv,length_distribution_json	filtered_fastq_r1,filtered_fastq_r2	filter_report_json	runs/bench/slurm-dry-run/runs/local-benchmark-dry-run/{fixture_scope}/fastq.filter_low_complexity/{sample_scope}/prinseq/stdout.log	runs/bench/slurm-dry-run/runs/local-benchmark-dry-run/{fixture_scope}/fastq.filter_low_complexity/{sample_scope}/prinseq/stderr.log	runs/bench/slurm-dry-run/runs/local-benchmark-dry-run/{fixture_scope}/fastq.filter_low_complexity/{sample_scope}/prinseq/stage-result.json		row `fastq.filter_low_complexity` / `prinseq` declares all governed FASTQ stage outputs, a normalized metrics artifact, and deterministic stdout/stderr/result-manifest paths
prinseq	fastq.filter_reads	runnable	complete	filtered_reads_r1,filtered_reads_r2,report_json	filtered_reads_r1,filtered_reads_r2,report_json	trimmed_reads_r1,trimmed_reads_r2,filtered_reads_r1,filtered_reads_r2,filtered_fastq_r1,filtered_fastq_r2,report_json,filter_report_json,length_distribution_tsv,length_distribution_json	trimmed_reads_r1,trimmed_reads_r2,filtered_reads_r1,filtered_reads_r2,filtered_fastq_r1,filtered_fastq_r2,report_json,filter_report_json,length_distribution_tsv,length_distribution_json	filtered_reads_r1,filtered_reads_r2	report_json	runs/bench/slurm-dry-run/runs/local-benchmark-dry-run/{fixture_scope}/fastq.filter_reads/{sample_scope}/prinseq/stdout.log	runs/bench/slurm-dry-run/runs/local-benchmark-dry-run/{fixture_scope}/fastq.filter_reads/{sample_scope}/prinseq/stderr.log	runs/bench/slurm-dry-run/runs/local-benchmark-dry-run/{fixture_scope}/fastq.filter_reads/{sample_scope}/prinseq/stage-result.json		row `fastq.filter_reads` / `prinseq` declares all governed FASTQ stage outputs, a normalized metrics artifact, and deterministic stdout/stderr/result-manifest paths
prinseq	fastq.profile_read_lengths	runnable	complete	report_json,length_distribution_tsv,length_distribution_json	report_json,length_distribution_tsv,length_distribution_json	trimmed_reads_r1,trimmed_reads_r2,filtered_reads_r1,filtered_reads_r2,filtered_fastq_r1,filtered_fastq_r2,report_json,filter_report_json,length_distribution_tsv,length_distribution_json	trimmed_reads_r1,trimmed_reads_r2,filtered_reads_r1,filtered_reads_r2,filtered_fastq_r1,filtered_fastq_r2,report_json,filter_report_json,length_distribution_tsv,length_distribution_json	length_distribution_tsv,length_distribution_json	report_json	runs/bench/slurm-dry-run/runs/local-benchmark-dry-run/{fixture_scope}/fastq.profile_read_lengths/{sample_scope}/prinseq/stdout.log	runs/bench/slurm-dry-run/runs/local-benchmark-dry-run/{fixture_scope}/fastq.profile_read_lengths/{sample_scope}/prinseq/stderr.log	runs/bench/slurm-dry-run/runs/local-benchmark-dry-run/{fixture_scope}/fastq.profile_read_lengths/{sample_scope}/prinseq/stage-result.json		row `fastq.profile_read_lengths` / `prinseq` declares all governed FASTQ stage outputs, a normalized metrics artifact, and deterministic stdout/stderr/result-manifest paths
prinseq	fastq.trim_reads	runnable	complete	trimmed_reads_r1,trimmed_reads_r2,report_json,raw_backend_report_json,raw_backend_report_txt	trimmed_reads_r1,trimmed_reads_r2,report_json	trimmed_reads_r1,trimmed_reads_r2,filtered_reads_r1,filtered_reads_r2,filtered_fastq_r1,filtered_fastq_r2,report_json,filter_report_json,length_distribution_tsv,length_distribution_json	trimmed_reads_r1,trimmed_reads_r2,filtered_reads_r1,filtered_reads_r2,filtered_fastq_r1,filtered_fastq_r2,report_json,filter_report_json,length_distribution_tsv,length_distribution_json	trimmed_reads_r1,trimmed_reads_r2	report_json	runs/bench/slurm-dry-run/runs/local-benchmark-dry-run/{fixture_scope}/fastq.trim_reads/{sample_scope}/prinseq/stdout.log	runs/bench/slurm-dry-run/runs/local-benchmark-dry-run/{fixture_scope}/fastq.trim_reads/{sample_scope}/prinseq/stderr.log	runs/bench/slurm-dry-run/runs/local-benchmark-dry-run/{fixture_scope}/fastq.trim_reads/{sample_scope}/prinseq/stage-result.json		row `fastq.trim_reads` / `prinseq` declares all governed FASTQ stage outputs, a normalized metrics artifact, and deterministic stdout/stderr/result-manifest paths
rcorrector	fastq.correct_errors	runnable	complete	corrected_reads_r1,corrected_reads_r2,report_json	corrected_reads_r1,corrected_reads_r2,report_json	corrected_reads_r1,corrected_reads_r2,report_json	corrected_reads_r1,report_json,corrected_reads_r2	corrected_reads_r1,corrected_reads_r2	report_json	runs/bench/slurm-dry-run/runs/local-benchmark-dry-run/{fixture_scope}/fastq.correct_errors/{sample_scope}/rcorrector/stdout.log	runs/bench/slurm-dry-run/runs/local-benchmark-dry-run/{fixture_scope}/fastq.correct_errors/{sample_scope}/rcorrector/stderr.log	runs/bench/slurm-dry-run/runs/local-benchmark-dry-run/{fixture_scope}/fastq.correct_errors/{sample_scope}/rcorrector/stage-result.json		row `fastq.correct_errors` / `rcorrector` declares all governed FASTQ stage outputs, a normalized metrics artifact, and deterministic stdout/stderr/result-manifest paths
seqfu	fastq.normalize_abundance	declared_only	missing_adapter	normalized_abundance_tsv,report_json									adapter	row `fastq.normalize_abundance` / `seqfu` has no runnable or plannable FASTQ adapter (`declared_only`)
seqfu	fastq.profile_read_lengths	runnable	complete	report_json,length_distribution_tsv,length_distribution_json	report_json,length_distribution_tsv,length_distribution_json	report_json,length_distribution_tsv,length_distribution_json,normalized_abundance_tsv,qc_json,qc_tsv	report_json,length_distribution_tsv,length_distribution_json,normalized_abundance_tsv,qc_json,qc_tsv	length_distribution_tsv,length_distribution_json	report_json	runs/bench/slurm-dry-run/runs/local-benchmark-dry-run/{fixture_scope}/fastq.profile_read_lengths/{sample_scope}/seqfu/stdout.log	runs/bench/slurm-dry-run/runs/local-benchmark-dry-run/{fixture_scope}/fastq.profile_read_lengths/{sample_scope}/seqfu/stderr.log	runs/bench/slurm-dry-run/runs/local-benchmark-dry-run/{fixture_scope}/fastq.profile_read_lengths/{sample_scope}/seqfu/stage-result.json		row `fastq.profile_read_lengths` / `seqfu` declares all governed FASTQ stage outputs, a normalized metrics artifact, and deterministic stdout/stderr/result-manifest paths
seqfu	fastq.profile_reads	runnable	complete	qc_json,qc_tsv,qc_plots_dir	qc_json,qc_tsv	report_json,length_distribution_tsv,length_distribution_json,normalized_abundance_tsv,qc_json,qc_tsv	report_json,length_distribution_tsv,length_distribution_json,normalized_abundance_tsv,qc_json,qc_tsv	qc_tsv	qc_json	runs/bench/slurm-dry-run/runs/local-benchmark-dry-run/{fixture_scope}/fastq.profile_reads/{sample_scope}/seqfu/stdout.log	runs/bench/slurm-dry-run/runs/local-benchmark-dry-run/{fixture_scope}/fastq.profile_reads/{sample_scope}/seqfu/stderr.log	runs/bench/slurm-dry-run/runs/local-benchmark-dry-run/{fixture_scope}/fastq.profile_reads/{sample_scope}/seqfu/stage-result.json		row `fastq.profile_reads` / `seqfu` declares all governed FASTQ stage outputs, a normalized metrics artifact, and deterministic stdout/stderr/result-manifest paths
seqkit	fastq.filter_reads	runnable	complete	filtered_reads_r1,filtered_reads_r2,report_json	filtered_reads_r1,filtered_reads_r2,report_json	trimmed_reads_r1,trimmed_reads_r2,filtered_reads_r1,filtered_reads_r2,normalized_abundance_tsv,overrepresented_sequences_tsv,overrepresented_sequences_json,qc_json,qc_tsv,report_json	trimmed_reads_r1,trimmed_reads_r2,filtered_reads_r1,filtered_reads_r2,normalized_abundance_tsv,overrepresented_sequences_tsv,overrepresented_sequences_json,qc_json,qc_tsv,report_json	filtered_reads_r1,filtered_reads_r2	report_json	runs/bench/slurm-dry-run/runs/local-benchmark-dry-run/{fixture_scope}/fastq.filter_reads/{sample_scope}/seqkit/stdout.log	runs/bench/slurm-dry-run/runs/local-benchmark-dry-run/{fixture_scope}/fastq.filter_reads/{sample_scope}/seqkit/stderr.log	runs/bench/slurm-dry-run/runs/local-benchmark-dry-run/{fixture_scope}/fastq.filter_reads/{sample_scope}/seqkit/stage-result.json		row `fastq.filter_reads` / `seqkit` declares all governed FASTQ stage outputs, a normalized metrics artifact, and deterministic stdout/stderr/result-manifest paths
seqkit	fastq.normalize_abundance	runnable	complete	normalized_abundance_tsv,report_json	normalized_abundance_tsv,report_json	trimmed_reads_r1,trimmed_reads_r2,filtered_reads_r1,filtered_reads_r2,normalized_abundance_tsv,overrepresented_sequences_tsv,overrepresented_sequences_json,qc_json,qc_tsv,report_json	trimmed_reads_r1,trimmed_reads_r2,filtered_reads_r1,filtered_reads_r2,normalized_abundance_tsv,overrepresented_sequences_tsv,overrepresented_sequences_json,qc_json,qc_tsv,report_json	normalized_abundance_tsv	report_json	runs/bench/slurm-dry-run/runs/local-benchmark-dry-run/{fixture_scope}/fastq.normalize_abundance/{sample_scope}/seqkit/stdout.log	runs/bench/slurm-dry-run/runs/local-benchmark-dry-run/{fixture_scope}/fastq.normalize_abundance/{sample_scope}/seqkit/stderr.log	runs/bench/slurm-dry-run/runs/local-benchmark-dry-run/{fixture_scope}/fastq.normalize_abundance/{sample_scope}/seqkit/stage-result.json		row `fastq.normalize_abundance` / `seqkit` declares all governed FASTQ stage outputs, a normalized metrics artifact, and deterministic stdout/stderr/result-manifest paths
seqkit	fastq.profile_overrepresented_sequences	runnable	complete	overrepresented_sequences_tsv,overrepresented_sequences_json,report_json	overrepresented_sequences_tsv,overrepresented_sequences_json,report_json	trimmed_reads_r1,trimmed_reads_r2,filtered_reads_r1,filtered_reads_r2,normalized_abundance_tsv,overrepresented_sequences_tsv,overrepresented_sequences_json,qc_json,qc_tsv,report_json	trimmed_reads_r1,trimmed_reads_r2,filtered_reads_r1,filtered_reads_r2,normalized_abundance_tsv,overrepresented_sequences_tsv,overrepresented_sequences_json,qc_json,qc_tsv,report_json	overrepresented_sequences_tsv,overrepresented_sequences_json	report_json	runs/bench/slurm-dry-run/runs/local-benchmark-dry-run/{fixture_scope}/fastq.profile_overrepresented_sequences/{sample_scope}/seqkit/stdout.log	runs/bench/slurm-dry-run/runs/local-benchmark-dry-run/{fixture_scope}/fastq.profile_overrepresented_sequences/{sample_scope}/seqkit/stderr.log	runs/bench/slurm-dry-run/runs/local-benchmark-dry-run/{fixture_scope}/fastq.profile_overrepresented_sequences/{sample_scope}/seqkit/stage-result.json		row `fastq.profile_overrepresented_sequences` / `seqkit` declares all governed FASTQ stage outputs, a normalized metrics artifact, and deterministic stdout/stderr/result-manifest paths
seqkit	fastq.profile_reads	runnable	complete	qc_json,qc_tsv,qc_plots_dir	qc_json,qc_tsv	trimmed_reads_r1,trimmed_reads_r2,filtered_reads_r1,filtered_reads_r2,normalized_abundance_tsv,overrepresented_sequences_tsv,overrepresented_sequences_json,qc_json,qc_tsv,report_json	trimmed_reads_r1,trimmed_reads_r2,filtered_reads_r1,filtered_reads_r2,normalized_abundance_tsv,overrepresented_sequences_tsv,overrepresented_sequences_json,qc_json,qc_tsv,report_json	qc_tsv	qc_json	runs/bench/slurm-dry-run/runs/local-benchmark-dry-run/{fixture_scope}/fastq.profile_reads/{sample_scope}/seqkit/stdout.log	runs/bench/slurm-dry-run/runs/local-benchmark-dry-run/{fixture_scope}/fastq.profile_reads/{sample_scope}/seqkit/stderr.log	runs/bench/slurm-dry-run/runs/local-benchmark-dry-run/{fixture_scope}/fastq.profile_reads/{sample_scope}/seqkit/stage-result.json		row `fastq.profile_reads` / `seqkit` declares all governed FASTQ stage outputs, a normalized metrics artifact, and deterministic stdout/stderr/result-manifest paths
seqkit	fastq.trim_reads	runnable	complete	trimmed_reads_r1,trimmed_reads_r2,report_json,raw_backend_report_json,raw_backend_report_txt	trimmed_reads_r1,trimmed_reads_r2,report_json	trimmed_reads_r1,trimmed_reads_r2,filtered_reads_r1,filtered_reads_r2,normalized_abundance_tsv,overrepresented_sequences_tsv,overrepresented_sequences_json,qc_json,qc_tsv,report_json	trimmed_reads_r1,trimmed_reads_r2,filtered_reads_r1,filtered_reads_r2,normalized_abundance_tsv,overrepresented_sequences_tsv,overrepresented_sequences_json,qc_json,qc_tsv,report_json	trimmed_reads_r1,trimmed_reads_r2	report_json	runs/bench/slurm-dry-run/runs/local-benchmark-dry-run/{fixture_scope}/fastq.trim_reads/{sample_scope}/seqkit/stdout.log	runs/bench/slurm-dry-run/runs/local-benchmark-dry-run/{fixture_scope}/fastq.trim_reads/{sample_scope}/seqkit/stderr.log	runs/bench/slurm-dry-run/runs/local-benchmark-dry-run/{fixture_scope}/fastq.trim_reads/{sample_scope}/seqkit/stage-result.json		row `fastq.trim_reads` / `seqkit` declares all governed FASTQ stage outputs, a normalized metrics artifact, and deterministic stdout/stderr/result-manifest paths
seqkit	fastq.trim_terminal_damage	runnable	complete	trimmed_reads_r1,trimmed_reads_r2,report_json,raw_backend_report_json	trimmed_reads_r1,trimmed_reads_r2,report_json	trimmed_reads_r1,trimmed_reads_r2,filtered_reads_r1,filtered_reads_r2,normalized_abundance_tsv,overrepresented_sequences_tsv,overrepresented_sequences_json,qc_json,qc_tsv,report_json	trimmed_reads_r1,trimmed_reads_r2,filtered_reads_r1,filtered_reads_r2,normalized_abundance_tsv,overrepresented_sequences_tsv,overrepresented_sequences_json,qc_json,qc_tsv,report_json	trimmed_reads_r1,trimmed_reads_r2	report_json	runs/bench/slurm-dry-run/runs/local-benchmark-dry-run/{fixture_scope}/fastq.trim_terminal_damage/{sample_scope}/seqkit/stdout.log	runs/bench/slurm-dry-run/runs/local-benchmark-dry-run/{fixture_scope}/fastq.trim_terminal_damage/{sample_scope}/seqkit/stderr.log	runs/bench/slurm-dry-run/runs/local-benchmark-dry-run/{fixture_scope}/fastq.trim_terminal_damage/{sample_scope}/seqkit/stage-result.json		row `fastq.trim_terminal_damage` / `seqkit` declares all governed FASTQ stage outputs, a normalized metrics artifact, and deterministic stdout/stderr/result-manifest paths
seqkit_stats	fastq.profile_read_lengths	runnable	complete	report_json,length_distribution_tsv,length_distribution_json	report_json,length_distribution_tsv,length_distribution_json	qc_json,qc_tsv,qc_plots_dir,report_json,length_distribution_tsv,length_distribution_json	qc_json,qc_tsv,qc_plots_dir,report_json,length_distribution_tsv,length_distribution_json	length_distribution_tsv,length_distribution_json	report_json	runs/bench/slurm-dry-run/runs/local-benchmark-dry-run/{fixture_scope}/fastq.profile_read_lengths/{sample_scope}/seqkit_stats/stdout.log	runs/bench/slurm-dry-run/runs/local-benchmark-dry-run/{fixture_scope}/fastq.profile_read_lengths/{sample_scope}/seqkit_stats/stderr.log	runs/bench/slurm-dry-run/runs/local-benchmark-dry-run/{fixture_scope}/fastq.profile_read_lengths/{sample_scope}/seqkit_stats/stage-result.json		row `fastq.profile_read_lengths` / `seqkit_stats` declares all governed FASTQ stage outputs, a normalized metrics artifact, and deterministic stdout/stderr/result-manifest paths
seqkit_stats	fastq.profile_reads	runnable	complete	qc_json,qc_tsv,qc_plots_dir	qc_json,qc_tsv,qc_plots_dir	qc_json,qc_tsv,qc_plots_dir,report_json,length_distribution_tsv,length_distribution_json	qc_json,qc_tsv,qc_plots_dir,report_json,length_distribution_tsv,length_distribution_json	qc_tsv,qc_plots_dir	qc_json	runs/bench/slurm-dry-run/runs/local-benchmark-dry-run/{fixture_scope}/fastq.profile_reads/{sample_scope}/seqkit_stats/stdout.log	runs/bench/slurm-dry-run/runs/local-benchmark-dry-run/{fixture_scope}/fastq.profile_reads/{sample_scope}/seqkit_stats/stderr.log	runs/bench/slurm-dry-run/runs/local-benchmark-dry-run/{fixture_scope}/fastq.profile_reads/{sample_scope}/seqkit_stats/stage-result.json		row `fastq.profile_reads` / `seqkit_stats` declares all governed FASTQ stage outputs, a normalized metrics artifact, and deterministic stdout/stderr/result-manifest paths
seqpurge	fastq.trim_reads	declared_only	missing_adapter	trimmed_reads_r1,trimmed_reads_r2,report_json,raw_backend_report_json,raw_backend_report_txt									adapter	row `fastq.trim_reads` / `seqpurge` has no runnable or plannable FASTQ adapter (`declared_only`)
seqtk	fastq.validate_reads	runnable	complete	validation_report,validated_reads_manifest	validation_report,validated_reads_manifest	validation_report,validated_reads_manifest	validation_report,validated_reads_manifest	validated_reads_manifest	validation_report	runs/bench/slurm-dry-run/runs/local-benchmark-dry-run/{fixture_scope}/fastq.validate_reads/{sample_scope}/seqtk/stdout.log	runs/bench/slurm-dry-run/runs/local-benchmark-dry-run/{fixture_scope}/fastq.validate_reads/{sample_scope}/seqtk/stderr.log	runs/bench/slurm-dry-run/runs/local-benchmark-dry-run/{fixture_scope}/fastq.validate_reads/{sample_scope}/seqtk/stage-result.json		row `fastq.validate_reads` / `seqtk` declares all governed FASTQ stage outputs, a normalized metrics artifact, and deterministic stdout/stderr/result-manifest paths
skewer	fastq.trim_reads	runnable	complete	trimmed_reads_r1,trimmed_reads_r2,report_json,raw_backend_report_json,raw_backend_report_txt	trimmed_reads_r1,trimmed_reads_r2,report_json	trimmed_reads_r1,trimmed_reads_r2,report_json	trimmed_reads_r1,trimmed_reads_r2,report_json	trimmed_reads_r1,trimmed_reads_r2	report_json	runs/bench/slurm-dry-run/runs/local-benchmark-dry-run/{fixture_scope}/fastq.trim_reads/{sample_scope}/skewer/stdout.log	runs/bench/slurm-dry-run/runs/local-benchmark-dry-run/{fixture_scope}/fastq.trim_reads/{sample_scope}/skewer/stderr.log	runs/bench/slurm-dry-run/runs/local-benchmark-dry-run/{fixture_scope}/fastq.trim_reads/{sample_scope}/skewer/stage-result.json		row `fastq.trim_reads` / `skewer` declares all governed FASTQ stage outputs, a normalized metrics artifact, and deterministic stdout/stderr/result-manifest paths
sortmerna	fastq.deplete_rrna	runnable	complete	rrna_filtered_reads_r1,rrna_filtered_reads_r2,rrna_removed_reads_r1,rrna_removed_reads_r2,rrna_report_tsv,rrna_report_json	rrna_filtered_reads_r1,rrna_filtered_reads_r2,rrna_removed_reads_r1,rrna_removed_reads_r2,rrna_report_tsv,rrna_report_json	rrna_filtered_reads_r1,rrna_filtered_reads_r2,rrna_removed_reads_r1,rrna_removed_reads_r2,rrna_report_tsv,rrna_report_json	rrna_filtered_reads_r1,rrna_filtered_reads_r2,rrna_removed_reads_r1,rrna_removed_reads_r2,rrna_report_tsv,rrna_report_json	rrna_filtered_reads_r1,rrna_filtered_reads_r2,rrna_removed_reads_r1,rrna_removed_reads_r2,rrna_report_tsv	rrna_report_json	runs/bench/slurm-dry-run/runs/local-benchmark-dry-run/{fixture_scope}/fastq.deplete_rrna/{sample_scope}/sortmerna/stdout.log	runs/bench/slurm-dry-run/runs/local-benchmark-dry-run/{fixture_scope}/fastq.deplete_rrna/{sample_scope}/sortmerna/stderr.log	runs/bench/slurm-dry-run/runs/local-benchmark-dry-run/{fixture_scope}/fastq.deplete_rrna/{sample_scope}/sortmerna/stage-result.json		row `fastq.deplete_rrna` / `sortmerna` declares all governed FASTQ stage outputs, a normalized metrics artifact, and deterministic stdout/stderr/result-manifest paths
star	fastq.index_reference	runnable	complete	reference_index,report_json	reference_index,report_json	reference_index,report_json	reference_index,report_json	reference_index	report_json	runs/bench/slurm-dry-run/runs/local-benchmark-dry-run/{fixture_scope}/fastq.index_reference/{sample_scope}/star/stdout.log	runs/bench/slurm-dry-run/runs/local-benchmark-dry-run/{fixture_scope}/fastq.index_reference/{sample_scope}/star/stderr.log	runs/bench/slurm-dry-run/runs/local-benchmark-dry-run/{fixture_scope}/fastq.index_reference/{sample_scope}/star/stage-result.json		row `fastq.index_reference` / `star` declares all governed FASTQ stage outputs, a normalized metrics artifact, and deterministic stdout/stderr/result-manifest paths
trim_galore	fastq.trim_reads	runnable	complete	trimmed_reads_r1,trimmed_reads_r2,report_json,raw_backend_report_json,raw_backend_report_txt	trimmed_reads_r1,trimmed_reads_r2,report_json	trimmed_reads_r1,trimmed_reads_r2,report_json	trimmed_reads_r1,report_json,trimmed_reads_r2	trimmed_reads_r1,trimmed_reads_r2	report_json	runs/bench/slurm-dry-run/runs/local-benchmark-dry-run/{fixture_scope}/fastq.trim_reads/{sample_scope}/trim_galore/stdout.log	runs/bench/slurm-dry-run/runs/local-benchmark-dry-run/{fixture_scope}/fastq.trim_reads/{sample_scope}/trim_galore/stderr.log	runs/bench/slurm-dry-run/runs/local-benchmark-dry-run/{fixture_scope}/fastq.trim_reads/{sample_scope}/trim_galore/stage-result.json		row `fastq.trim_reads` / `trim_galore` declares all governed FASTQ stage outputs, a normalized metrics artifact, and deterministic stdout/stderr/result-manifest paths
trimmomatic	fastq.trim_reads	runnable	complete	trimmed_reads_r1,trimmed_reads_r2,report_json,raw_backend_report_json,raw_backend_report_txt	trimmed_reads_r1,trimmed_reads_r2,report_json	trimmed_reads_r1,trimmed_reads_r2,report_json	trimmed_reads_r1,trimmed_reads_r2,report_json	trimmed_reads_r1,trimmed_reads_r2	report_json	runs/bench/slurm-dry-run/runs/local-benchmark-dry-run/{fixture_scope}/fastq.trim_reads/{sample_scope}/trimmomatic/stdout.log	runs/bench/slurm-dry-run/runs/local-benchmark-dry-run/{fixture_scope}/fastq.trim_reads/{sample_scope}/trimmomatic/stderr.log	runs/bench/slurm-dry-run/runs/local-benchmark-dry-run/{fixture_scope}/fastq.trim_reads/{sample_scope}/trimmomatic/stage-result.json		row `fastq.trim_reads` / `trimmomatic` declares all governed FASTQ stage outputs, a normalized metrics artifact, and deterministic stdout/stderr/result-manifest paths
umi_tools	fastq.extract_umis	runnable	complete	umi_reads_r1,umi_reads_r2,report_json	umi_reads_r1,umi_reads_r2,report_json	umi_reads_r1,umi_reads_r2,report_json	umi_reads_r1,umi_reads_r2,report_json	umi_reads_r1,umi_reads_r2	report_json	runs/bench/slurm-dry-run/runs/local-benchmark-dry-run/{fixture_scope}/fastq.extract_umis/{sample_scope}/umi_tools/stdout.log	runs/bench/slurm-dry-run/runs/local-benchmark-dry-run/{fixture_scope}/fastq.extract_umis/{sample_scope}/umi_tools/stderr.log	runs/bench/slurm-dry-run/runs/local-benchmark-dry-run/{fixture_scope}/fastq.extract_umis/{sample_scope}/umi_tools/stage-result.json		row `fastq.extract_umis` / `umi_tools` declares all governed FASTQ stage outputs, a normalized metrics artifact, and deterministic stdout/stderr/result-manifest paths
vsearch	fastq.cluster_otus	runnable	complete	report_json,otu_table,otu_table_tsv,otu_representatives,representative_sequences_fasta,taxonomy_ready_fasta,taxonomy_ready_fastq	report_json,otu_table,otu_representatives,taxonomy_ready_fasta,taxonomy_ready_fastq	merged_reads,unmerged_reads_r1,unmerged_reads_r2,report_json,raw_backend_report_txt,chimera_filtered_reads,chimera_metrics_json,chimeras_fasta,uchime_report_tsv,otu_table,otu_representatives,taxonomy_ready_fasta,taxonomy_ready_fastq	merged_reads,unmerged_reads_r1,unmerged_reads_r2,report_json,raw_backend_report_txt,chimera_filtered_reads,chimera_metrics_json,chimeras_fasta,uchime_report_tsv,otu_table,otu_representatives,taxonomy_ready_fasta,taxonomy_ready_fastq	otu_table,otu_representatives,taxonomy_ready_fasta,taxonomy_ready_fastq	report_json	runs/bench/slurm-dry-run/runs/local-benchmark-dry-run/{fixture_scope}/fastq.cluster_otus/{sample_scope}/vsearch/stdout.log	runs/bench/slurm-dry-run/runs/local-benchmark-dry-run/{fixture_scope}/fastq.cluster_otus/{sample_scope}/vsearch/stderr.log	runs/bench/slurm-dry-run/runs/local-benchmark-dry-run/{fixture_scope}/fastq.cluster_otus/{sample_scope}/vsearch/stage-result.json		row `fastq.cluster_otus` / `vsearch` declares all governed FASTQ stage outputs, a normalized metrics artifact, and deterministic stdout/stderr/result-manifest paths
vsearch	fastq.merge_pairs	runnable	complete	merged_reads,unmerged_reads_r1,unmerged_reads_r2,report_json,raw_backend_report_txt	merged_reads,unmerged_reads_r1,unmerged_reads_r2,report_json,raw_backend_report_txt	merged_reads,unmerged_reads_r1,unmerged_reads_r2,report_json,raw_backend_report_txt,chimera_filtered_reads,chimera_metrics_json,chimeras_fasta,uchime_report_tsv,otu_table,otu_representatives,taxonomy_ready_fasta,taxonomy_ready_fastq	merged_reads,unmerged_reads_r1,unmerged_reads_r2,report_json,raw_backend_report_txt,chimera_filtered_reads,chimera_metrics_json,chimeras_fasta,uchime_report_tsv,otu_table,otu_representatives,taxonomy_ready_fasta,taxonomy_ready_fastq	merged_reads,unmerged_reads_r1,unmerged_reads_r2,raw_backend_report_txt	report_json	runs/bench/slurm-dry-run/runs/local-benchmark-dry-run/{fixture_scope}/fastq.merge_pairs/{sample_scope}/vsearch/stdout.log	runs/bench/slurm-dry-run/runs/local-benchmark-dry-run/{fixture_scope}/fastq.merge_pairs/{sample_scope}/vsearch/stderr.log	runs/bench/slurm-dry-run/runs/local-benchmark-dry-run/{fixture_scope}/fastq.merge_pairs/{sample_scope}/vsearch/stage-result.json		row `fastq.merge_pairs` / `vsearch` declares all governed FASTQ stage outputs, a normalized metrics artifact, and deterministic stdout/stderr/result-manifest paths
vsearch	fastq.remove_chimeras	runnable	complete	chimera_filtered_reads,report_json,chimera_metrics_json,chimeras_fasta,uchime_report_tsv	chimera_filtered_reads,report_json,chimera_metrics_json,chimeras_fasta,uchime_report_tsv	merged_reads,unmerged_reads_r1,unmerged_reads_r2,report_json,raw_backend_report_txt,chimera_filtered_reads,chimera_metrics_json,chimeras_fasta,uchime_report_tsv,otu_table,otu_representatives,taxonomy_ready_fasta,taxonomy_ready_fastq	merged_reads,unmerged_reads_r1,unmerged_reads_r2,report_json,raw_backend_report_txt,chimera_filtered_reads,chimera_metrics_json,chimeras_fasta,uchime_report_tsv,otu_table,otu_representatives,taxonomy_ready_fasta,taxonomy_ready_fastq	chimera_filtered_reads,chimera_metrics_json,chimeras_fasta,uchime_report_tsv	report_json	runs/bench/slurm-dry-run/runs/local-benchmark-dry-run/{fixture_scope}/fastq.remove_chimeras/{sample_scope}/vsearch/stdout.log	runs/bench/slurm-dry-run/runs/local-benchmark-dry-run/{fixture_scope}/fastq.remove_chimeras/{sample_scope}/vsearch/stderr.log	runs/bench/slurm-dry-run/runs/local-benchmark-dry-run/{fixture_scope}/fastq.remove_chimeras/{sample_scope}/vsearch/stage-result.json		row `fastq.remove_chimeras` / `vsearch` declares all governed FASTQ stage outputs, a normalized metrics artifact, and deterministic stdout/stderr/result-manifest paths
