stage_id	tool_id	raw_outputs	normalized_metrics	stdout	stderr	manifest	index_outputs	status	benchmark_status	missing_declarations	reason
vcf.call_gl	angsd	gl_sites_vcf=benchmarks/readiness/adapters/angsd/vcf.call_gl/gl_sites.vcf.gz,angsd_arg=benchmarks/readiness/adapters/angsd/vcf.call_gl/gl_sites.arg	gl_sites_vcf=benchmarks/readiness/adapters/angsd/vcf.call_gl/gl_sites.vcf.gz,gl_provenance=benchmarks/readiness/adapters/angsd/vcf.call_gl/gl_provenance.json	runs/bench/slurm-dry-run/runs/local-benchmark-dry-run/{fixture_scope}/vcf.call_gl/{sample_scope}/angsd/stdout.log	runs/bench/slurm-dry-run/runs/local-benchmark-dry-run/{fixture_scope}/vcf.call_gl/{sample_scope}/angsd/stderr.log	runs/bench/slurm-dry-run/runs/local-benchmark-dry-run/{fixture_scope}/vcf.call_gl/{sample_scope}/angsd/stage-result.json		incomplete	not_benchmark_ready	index_outputs	row `vcf.call_gl` / `angsd` from `angsd` is missing output declarations: index_outputs
vcf.call_pseudohaploid	angsd	pseudohaploid_vcf=benchmarks/readiness/adapters/angsd/vcf.call_pseudohaploid/pseudo.vcf.gz,angsd_arg=benchmarks/readiness/adapters/angsd/vcf.call_pseudohaploid/pseudo.arg	pseudohaploid_vcf=benchmarks/readiness/adapters/angsd/vcf.call_pseudohaploid/pseudo.vcf.gz,pseudohaploid_sampling_log=benchmarks/readiness/adapters/angsd/vcf.call_pseudohaploid/pseudohaploid_sampling_log.json	runs/bench/slurm-dry-run/runs/local-benchmark-dry-run/{fixture_scope}/vcf.call_pseudohaploid/{sample_scope}/angsd/stdout.log	runs/bench/slurm-dry-run/runs/local-benchmark-dry-run/{fixture_scope}/vcf.call_pseudohaploid/{sample_scope}/angsd/stderr.log	runs/bench/slurm-dry-run/runs/local-benchmark-dry-run/{fixture_scope}/vcf.call_pseudohaploid/{sample_scope}/angsd/stage-result.json		incomplete	not_benchmark_ready	index_outputs	row `vcf.call_pseudohaploid` / `angsd` from `angsd` is missing output declarations: index_outputs
vcf.damage_filter	angsd	damage_report_txt=benchmarks/readiness/adapters/angsd/vcf.damage_filter/damage_report.txt,angsd_arg=benchmarks/readiness/adapters/angsd/vcf.damage_filter/damage.arg	damage_report_txt=benchmarks/readiness/adapters/angsd/vcf.damage_filter/damage_report.txt,damage_bias_audit_report=benchmarks/readiness/adapters/angsd/vcf.damage_filter/damage_bias_audit_report.json	runs/bench/slurm-dry-run/runs/local-benchmark-dry-run/{fixture_scope}/vcf.damage_filter/{sample_scope}/angsd/stdout.log	runs/bench/slurm-dry-run/runs/local-benchmark-dry-run/{fixture_scope}/vcf.damage_filter/{sample_scope}/angsd/stderr.log	runs/bench/slurm-dry-run/runs/local-benchmark-dry-run/{fixture_scope}/vcf.damage_filter/{sample_scope}/angsd/stage-result.json		complete	not_benchmark_ready		row `vcf.damage_filter` / `angsd` from `angsd` keeps raw outputs, normalized outputs, and deterministic stream/result paths explicit
vcf.gl_propagation	angsd	gl_propagated_vcf=benchmarks/readiness/adapters/angsd/vcf.gl_propagation/gl_propagation.vcf.gz,angsd_arg=benchmarks/readiness/adapters/angsd/vcf.gl_propagation/gl_propagation.arg	gl_propagated_vcf=benchmarks/readiness/adapters/angsd/vcf.gl_propagation/gl_propagation.vcf.gz,gl_propagation_report=benchmarks/readiness/adapters/angsd/vcf.gl_propagation/gl_propagation_report.json	runs/bench/slurm-dry-run/runs/local-benchmark-dry-run/{fixture_scope}/vcf.gl_propagation/{sample_scope}/angsd/stdout.log	runs/bench/slurm-dry-run/runs/local-benchmark-dry-run/{fixture_scope}/vcf.gl_propagation/{sample_scope}/angsd/stderr.log	runs/bench/slurm-dry-run/runs/local-benchmark-dry-run/{fixture_scope}/vcf.gl_propagation/{sample_scope}/angsd/stage-result.json		incomplete	not_benchmark_ready	index_outputs	row `vcf.gl_propagation` / `angsd` from `angsd` is missing output declarations: index_outputs
vcf.call	bcftools	called_vcf=benchmarks/readiness/adapters/bcftools/vcf.call/called_vcf.vcf.gz	called_vcf=benchmarks/readiness/adapters/bcftools/vcf.call/called_vcf.vcf.gz	runs/bench/slurm-dry-run/runs/local-benchmark-dry-run/{fixture_scope}/vcf.call/{sample_scope}/bcftools/stdout.log	runs/bench/slurm-dry-run/runs/local-benchmark-dry-run/{fixture_scope}/vcf.call/{sample_scope}/bcftools/stderr.log	runs/bench/slurm-dry-run/runs/local-benchmark-dry-run/{fixture_scope}/vcf.call/{sample_scope}/bcftools/stage-result.json	called_vcf_tbi=benchmarks/readiness/adapters/bcftools/vcf.call/called_vcf.vcf.gz.tbi	complete	benchmark_ready		row `vcf.call` / `bcftools` from `bcftools` keeps raw outputs, normalized outputs, and deterministic stream/result paths explicit
vcf.call_diploid	bcftools	diploid_vcf=benchmarks/readiness/adapters/bcftools/vcf.call_diploid/diploid_vcf.vcf.gz	diploid_vcf=benchmarks/readiness/adapters/bcftools/vcf.call_diploid/diploid_vcf.vcf.gz	runs/bench/slurm-dry-run/runs/local-benchmark-dry-run/{fixture_scope}/vcf.call_diploid/{sample_scope}/bcftools/stdout.log	runs/bench/slurm-dry-run/runs/local-benchmark-dry-run/{fixture_scope}/vcf.call_diploid/{sample_scope}/bcftools/stderr.log	runs/bench/slurm-dry-run/runs/local-benchmark-dry-run/{fixture_scope}/vcf.call_diploid/{sample_scope}/bcftools/stage-result.json	diploid_vcf_tbi=benchmarks/readiness/adapters/bcftools/vcf.call_diploid/diploid_vcf.vcf.gz.tbi	complete	benchmark_ready		row `vcf.call_diploid` / `bcftools` from `bcftools` keeps raw outputs, normalized outputs, and deterministic stream/result paths explicit
vcf.call_gl	bcftools	gl_sites_vcf=benchmarks/readiness/adapters/bcftools/vcf.call_gl/gl_sites_vcf.vcf.gz	gl_sites_vcf=benchmarks/readiness/adapters/bcftools/vcf.call_gl/gl_sites_vcf.vcf.gz	runs/bench/slurm-dry-run/runs/local-benchmark-dry-run/{fixture_scope}/vcf.call_gl/{sample_scope}/bcftools/stdout.log	runs/bench/slurm-dry-run/runs/local-benchmark-dry-run/{fixture_scope}/vcf.call_gl/{sample_scope}/bcftools/stderr.log	runs/bench/slurm-dry-run/runs/local-benchmark-dry-run/{fixture_scope}/vcf.call_gl/{sample_scope}/bcftools/stage-result.json	gl_sites_vcf_tbi=benchmarks/readiness/adapters/bcftools/vcf.call_gl/gl_sites_vcf.vcf.gz.tbi	complete	benchmark_ready		row `vcf.call_gl` / `bcftools` from `bcftools` keeps raw outputs, normalized outputs, and deterministic stream/result paths explicit
vcf.call_pseudohaploid	bcftools	pseudohaploid_vcf=benchmarks/readiness/adapters/bcftools/vcf.call_pseudohaploid/pseudohaploid_vcf.vcf.gz	pseudohaploid_vcf=benchmarks/readiness/adapters/bcftools/vcf.call_pseudohaploid/pseudohaploid_vcf.vcf.gz	runs/bench/slurm-dry-run/runs/local-benchmark-dry-run/{fixture_scope}/vcf.call_pseudohaploid/{sample_scope}/bcftools/stdout.log	runs/bench/slurm-dry-run/runs/local-benchmark-dry-run/{fixture_scope}/vcf.call_pseudohaploid/{sample_scope}/bcftools/stderr.log	runs/bench/slurm-dry-run/runs/local-benchmark-dry-run/{fixture_scope}/vcf.call_pseudohaploid/{sample_scope}/bcftools/stage-result.json	pseudohaploid_vcf_tbi=benchmarks/readiness/adapters/bcftools/vcf.call_pseudohaploid/pseudohaploid_vcf.vcf.gz.tbi	complete	benchmark_ready		row `vcf.call_pseudohaploid` / `bcftools` from `bcftools` keeps raw outputs, normalized outputs, and deterministic stream/result paths explicit
vcf.damage_filter	bcftools	damage_filtered_vcf=benchmarks/readiness/adapters/bcftools/vcf.damage_filter/damage_filtered_vcf.vcf.gz	damage_filtered_vcf=benchmarks/readiness/adapters/bcftools/vcf.damage_filter/damage_filtered_vcf.vcf.gz	runs/bench/slurm-dry-run/runs/local-benchmark-dry-run/{fixture_scope}/vcf.damage_filter/{sample_scope}/bcftools/stdout.log	runs/bench/slurm-dry-run/runs/local-benchmark-dry-run/{fixture_scope}/vcf.damage_filter/{sample_scope}/bcftools/stderr.log	runs/bench/slurm-dry-run/runs/local-benchmark-dry-run/{fixture_scope}/vcf.damage_filter/{sample_scope}/bcftools/stage-result.json	damage_filtered_vcf_tbi=benchmarks/readiness/adapters/bcftools/vcf.damage_filter/damage_filtered_vcf.vcf.gz.tbi	complete	benchmark_ready		row `vcf.damage_filter` / `bcftools` from `bcftools` keeps raw outputs, normalized outputs, and deterministic stream/result paths explicit
vcf.filter	bcftools	filtered_vcf=benchmarks/readiness/adapters/bcftools/vcf.filter/filtered_vcf.vcf.gz	filtered_vcf=benchmarks/readiness/adapters/bcftools/vcf.filter/filtered_vcf.vcf.gz	runs/bench/slurm-dry-run/runs/local-benchmark-dry-run/{fixture_scope}/vcf.filter/{sample_scope}/bcftools/stdout.log	runs/bench/slurm-dry-run/runs/local-benchmark-dry-run/{fixture_scope}/vcf.filter/{sample_scope}/bcftools/stderr.log	runs/bench/slurm-dry-run/runs/local-benchmark-dry-run/{fixture_scope}/vcf.filter/{sample_scope}/bcftools/stage-result.json	filtered_vcf_tbi=benchmarks/readiness/adapters/bcftools/vcf.filter/filtered_vcf.vcf.gz.tbi	complete	benchmark_ready		row `vcf.filter` / `bcftools` from `bcftools` keeps raw outputs, normalized outputs, and deterministic stream/result paths explicit
vcf.gl_propagation	bcftools	gl_propagated_vcf=benchmarks/readiness/adapters/bcftools/vcf.gl_propagation/gl_propagated_vcf.vcf.gz	gl_propagated_vcf=benchmarks/readiness/adapters/bcftools/vcf.gl_propagation/gl_propagated_vcf.vcf.gz	runs/bench/slurm-dry-run/runs/local-benchmark-dry-run/{fixture_scope}/vcf.gl_propagation/{sample_scope}/bcftools/stdout.log	runs/bench/slurm-dry-run/runs/local-benchmark-dry-run/{fixture_scope}/vcf.gl_propagation/{sample_scope}/bcftools/stderr.log	runs/bench/slurm-dry-run/runs/local-benchmark-dry-run/{fixture_scope}/vcf.gl_propagation/{sample_scope}/bcftools/stage-result.json	gl_propagated_vcf_tbi=benchmarks/readiness/adapters/bcftools/vcf.gl_propagation/gl_propagated_vcf.vcf.gz.tbi	complete	benchmark_ready		row `vcf.gl_propagation` / `bcftools` from `bcftools` keeps raw outputs, normalized outputs, and deterministic stream/result paths explicit
vcf.postprocess	bcftools	postprocess_vcf=benchmarks/readiness/adapters/bcftools/vcf.postprocess/postprocess_vcf.vcf.gz	postprocess_vcf=benchmarks/readiness/adapters/bcftools/vcf.postprocess/postprocess_vcf.vcf.gz	runs/bench/slurm-dry-run/runs/local-benchmark-dry-run/{fixture_scope}/vcf.postprocess/{sample_scope}/bcftools/stdout.log	runs/bench/slurm-dry-run/runs/local-benchmark-dry-run/{fixture_scope}/vcf.postprocess/{sample_scope}/bcftools/stderr.log	runs/bench/slurm-dry-run/runs/local-benchmark-dry-run/{fixture_scope}/vcf.postprocess/{sample_scope}/bcftools/stage-result.json	postprocess_vcf_tbi=benchmarks/readiness/adapters/bcftools/vcf.postprocess/postprocess_vcf.vcf.gz.tbi	complete	benchmark_ready		row `vcf.postprocess` / `bcftools` from `bcftools` keeps raw outputs, normalized outputs, and deterministic stream/result paths explicit
vcf.prepare_reference_panel	bcftools	prepared_panel=benchmarks/readiness/adapters/bcftools/vcf.prepare_reference_panel/prepared_panel.vcf.gz	prepared_panel=benchmarks/readiness/adapters/bcftools/vcf.prepare_reference_panel/prepared_panel.vcf.gz,chunks_json=benchmarks/readiness/adapters/bcftools/vcf.prepare_reference_panel/chunks.json	runs/bench/slurm-dry-run/runs/local-benchmark-dry-run/{fixture_scope}/vcf.prepare_reference_panel/{sample_scope}/bcftools/stdout.log	runs/bench/slurm-dry-run/runs/local-benchmark-dry-run/{fixture_scope}/vcf.prepare_reference_panel/{sample_scope}/bcftools/stderr.log	runs/bench/slurm-dry-run/runs/local-benchmark-dry-run/{fixture_scope}/vcf.prepare_reference_panel/{sample_scope}/bcftools/stage-result.json	prepared_panel_tbi=benchmarks/readiness/adapters/bcftools/vcf.prepare_reference_panel/prepared_panel.vcf.gz.tbi	complete	benchmark_ready		row `vcf.prepare_reference_panel` / `bcftools` from `bcftools` keeps raw outputs, normalized outputs, and deterministic stream/result paths explicit
vcf.qc	bcftools	sample_missingness_report=benchmarks/readiness/adapters/bcftools/vcf.qc/raw.sample_missingness.tsv,variant_missingness_report=benchmarks/readiness/adapters/bcftools/vcf.qc/raw.variant_missingness.tsv,allele_frequency_report=benchmarks/readiness/adapters/bcftools/vcf.qc/raw.allele_frequency.tsv,heterozygosity_report=benchmarks/readiness/adapters/bcftools/vcf.qc/raw.heterozygosity.tsv,hardy_weinberg_report=benchmarks/readiness/adapters/bcftools/vcf.qc/raw.hwe.tsv,qc_thresholds=benchmarks/readiness/adapters/bcftools/vcf.qc/raw.thresholds.json	qc_report=benchmarks/readiness/adapters/bcftools/vcf.qc/qc_report.json	runs/bench/slurm-dry-run/runs/local-benchmark-dry-run/{fixture_scope}/vcf.qc/{sample_scope}/bcftools/stdout.log	runs/bench/slurm-dry-run/runs/local-benchmark-dry-run/{fixture_scope}/vcf.qc/{sample_scope}/bcftools/stderr.log	runs/bench/slurm-dry-run/runs/local-benchmark-dry-run/{fixture_scope}/vcf.qc/{sample_scope}/bcftools/stage-result.json		complete	benchmark_ready		row `vcf.qc` / `bcftools` from `bcftools` keeps raw outputs, normalized outputs, and deterministic stream/result paths explicit
vcf.stats	bcftools	bcftools_stats_txt=benchmarks/readiness/adapters/bcftools/vcf.stats/bcftools_stats.txt	stats_json=benchmarks/readiness/adapters/bcftools/vcf.stats/stats_json.json	runs/bench/slurm-dry-run/runs/local-benchmark-dry-run/{fixture_scope}/vcf.stats/{sample_scope}/bcftools/stdout.log	runs/bench/slurm-dry-run/runs/local-benchmark-dry-run/{fixture_scope}/vcf.stats/{sample_scope}/bcftools/stderr.log	runs/bench/slurm-dry-run/runs/local-benchmark-dry-run/{fixture_scope}/vcf.stats/{sample_scope}/bcftools/stage-result.json		complete	benchmark_ready		row `vcf.stats` / `bcftools` from `bcftools` keeps raw outputs, normalized outputs, and deterministic stream/result paths explicit
vcf.imputation_metrics	beagle	imputed_vcf=benchmarks/readiness/adapters/imputation/beagle/vcf.imputation_metrics/imputed.vcf.gz,imputation_qc_json=benchmarks/readiness/adapters/imputation/beagle/vcf.imputation_metrics/imputation_qc.json,imputation_accept_json=benchmarks/readiness/adapters/imputation/beagle/vcf.imputation_metrics/imputation_accept.json,imputation_manifest_json=benchmarks/readiness/adapters/imputation/beagle/vcf.imputation_metrics/imputation_manifest.json,logs_txt=benchmarks/readiness/adapters/imputation/beagle/vcf.imputation_metrics/logs.txt,imputation_metrics_json=benchmarks/readiness/adapters/imputation/beagle/vcf.imputation_metrics/imputation_metrics.json,orchestration_manifest_json=benchmarks/readiness/adapters/imputation/beagle/vcf.imputation_metrics/orchestration_manifest.json	imputation_metrics_json=benchmarks/readiness/adapters/imputation/beagle/vcf.imputation_metrics/imputation_metrics.json	runs/bench/slurm-dry-run/runs/local-benchmark-dry-run/{fixture_scope}/vcf.imputation_metrics/{sample_scope}/beagle/stdout.log	runs/bench/slurm-dry-run/runs/local-benchmark-dry-run/{fixture_scope}/vcf.imputation_metrics/{sample_scope}/beagle/stderr.log	runs/bench/slurm-dry-run/runs/local-benchmark-dry-run/{fixture_scope}/vcf.imputation_metrics/{sample_scope}/beagle/stage-result.json	imputed_tbi=benchmarks/readiness/adapters/imputation/beagle/vcf.imputation_metrics/imputed.vcf.gz.tbi	complete	benchmark_ready		row `vcf.imputation_metrics` / `beagle` from `imputation_family` keeps raw outputs, normalized outputs, and deterministic stream/result paths explicit
vcf.impute	beagle	imputed_vcf=benchmarks/readiness/adapters/imputation/beagle/vcf.impute/imputed.vcf.gz,imputation_qc_json=benchmarks/readiness/adapters/imputation/beagle/vcf.impute/imputation_qc.json,imputation_accept_json=benchmarks/readiness/adapters/imputation/beagle/vcf.impute/imputation_accept.json,imputation_manifest_json=benchmarks/readiness/adapters/imputation/beagle/vcf.impute/imputation_manifest.json,logs_txt=benchmarks/readiness/adapters/imputation/beagle/vcf.impute/logs.txt,imputation_qc_tsv=benchmarks/readiness/adapters/imputation/beagle/vcf.impute/imputation_qc.tsv,maf_bin_quality_tsv=benchmarks/readiness/adapters/imputation/beagle/vcf.impute/maf_bins.tsv,info_hist_json=benchmarks/readiness/adapters/imputation/beagle/vcf.impute/info_hist.json,warnings_json=benchmarks/readiness/adapters/imputation/beagle/vcf.impute/warnings.json,overlap_stats_json=benchmarks/readiness/adapters/imputation/beagle/vcf.impute/overlap_stats.json,panel_mismatch_diagnostics_json=benchmarks/readiness/adapters/imputation/beagle/vcf.impute/panel_mismatch_diagnostics.json	imputed_vcf=benchmarks/readiness/adapters/imputation/beagle/vcf.impute/imputed.vcf.gz	runs/bench/slurm-dry-run/runs/local-benchmark-dry-run/{fixture_scope}/vcf.impute/{sample_scope}/beagle/stdout.log	runs/bench/slurm-dry-run/runs/local-benchmark-dry-run/{fixture_scope}/vcf.impute/{sample_scope}/beagle/stderr.log	runs/bench/slurm-dry-run/runs/local-benchmark-dry-run/{fixture_scope}/vcf.impute/{sample_scope}/beagle/stage-result.json	imputed_tbi=benchmarks/readiness/adapters/imputation/beagle/vcf.impute/imputed.vcf.gz.tbi	complete	benchmark_ready		row `vcf.impute` / `beagle` from `imputation_family` keeps raw outputs, normalized outputs, and deterministic stream/result paths explicit
vcf.phasing	beagle	phased_vcf=benchmarks/readiness/adapters/beagle/vcf.phasing/phased.vcf.gz,phase_block_stats=benchmarks/readiness/adapters/beagle/vcf.phasing/phase_block_stats.tsv,switch_error_proxy=benchmarks/readiness/adapters/beagle/vcf.phasing/switch_error_proxy.tsv,phasing_log=benchmarks/readiness/adapters/beagle/vcf.phasing/logs.txt	phased_vcf=benchmarks/readiness/adapters/beagle/vcf.phasing/phased.vcf.gz	runs/bench/slurm-dry-run/runs/local-benchmark-dry-run/{fixture_scope}/vcf.phasing/{sample_scope}/beagle/stdout.log	runs/bench/slurm-dry-run/runs/local-benchmark-dry-run/{fixture_scope}/vcf.phasing/{sample_scope}/beagle/stderr.log	runs/bench/slurm-dry-run/runs/local-benchmark-dry-run/{fixture_scope}/vcf.phasing/{sample_scope}/beagle/stage-result.json	phased_vcf_tbi=benchmarks/readiness/adapters/beagle/vcf.phasing/phased.vcf.gz.tbi	complete	not_benchmark_ready		row `vcf.phasing` / `beagle` from `beagle_phasing` keeps raw outputs, normalized outputs, and deterministic stream/result paths explicit
vcf.phasing	eagle	phased_vcf=benchmarks/readiness/adapters/eagle/vcf.phasing/phased.vcf.gz,phase_block_stats=benchmarks/readiness/adapters/eagle/vcf.phasing/phase_block_stats.tsv,switch_error_proxy=benchmarks/readiness/adapters/eagle/vcf.phasing/switch_error_proxy.tsv,phasing_log=benchmarks/readiness/adapters/eagle/vcf.phasing/logs.txt	phased_vcf=benchmarks/readiness/adapters/eagle/vcf.phasing/phased.vcf.gz	runs/bench/slurm-dry-run/runs/local-benchmark-dry-run/{fixture_scope}/vcf.phasing/{sample_scope}/eagle/stdout.log	runs/bench/slurm-dry-run/runs/local-benchmark-dry-run/{fixture_scope}/vcf.phasing/{sample_scope}/eagle/stderr.log	runs/bench/slurm-dry-run/runs/local-benchmark-dry-run/{fixture_scope}/vcf.phasing/{sample_scope}/eagle/stage-result.json	phased_vcf_tbi=benchmarks/readiness/adapters/eagle/vcf.phasing/phased.vcf.gz.tbi	complete	not_benchmark_ready		row `vcf.phasing` / `eagle` from `eagle` keeps raw outputs, normalized outputs, and deterministic stream/result paths explicit
vcf.pca	eigensoft	convertf_par=benchmarks/readiness/adapters/eigensoft/vcf.pca/pca_report.convertf.par,smartpca_par=benchmarks/readiness/adapters/eigensoft/vcf.pca/pca_report.smartpca.par,eigensoft_geno=benchmarks/readiness/adapters/eigensoft/vcf.pca/pca_report.geno,eigensoft_snp=benchmarks/readiness/adapters/eigensoft/vcf.pca/pca_report.snp,eigensoft_ind=benchmarks/readiness/adapters/eigensoft/vcf.pca/pca_report.ind,smartpca_eigenvec=benchmarks/readiness/adapters/eigensoft/vcf.pca/pca_report.evec,smartpca_eigenval=benchmarks/readiness/adapters/eigensoft/vcf.pca/pca_report.eval,smartpca_log=benchmarks/readiness/adapters/eigensoft/vcf.pca/pca_report.smartpca.log	pca_report=benchmarks/readiness/adapters/eigensoft/vcf.pca/pca_report.json	runs/bench/slurm-dry-run/runs/local-benchmark-dry-run/{fixture_scope}/vcf.pca/{sample_scope}/eigensoft/stdout.log	runs/bench/slurm-dry-run/runs/local-benchmark-dry-run/{fixture_scope}/vcf.pca/{sample_scope}/eigensoft/stderr.log	runs/bench/slurm-dry-run/runs/local-benchmark-dry-run/{fixture_scope}/vcf.pca/{sample_scope}/eigensoft/stage-result.json		complete	benchmark_ready		row `vcf.pca` / `eigensoft` from `eigensoft` keeps raw outputs, normalized outputs, and deterministic stream/result paths explicit
vcf.population_structure	eigensoft	convertf_par=benchmarks/readiness/adapters/eigensoft/vcf.population_structure/population_structure_report.convertf.par,smartpca_par=benchmarks/readiness/adapters/eigensoft/vcf.population_structure/population_structure_report.smartpca.par,eigensoft_geno=benchmarks/readiness/adapters/eigensoft/vcf.population_structure/population_structure_report.geno,eigensoft_snp=benchmarks/readiness/adapters/eigensoft/vcf.population_structure/population_structure_report.snp,eigensoft_ind=benchmarks/readiness/adapters/eigensoft/vcf.population_structure/population_structure_report.ind,smartpca_eigenvec=benchmarks/readiness/adapters/eigensoft/vcf.population_structure/population_structure_report.evec,smartpca_eigenval=benchmarks/readiness/adapters/eigensoft/vcf.population_structure/population_structure_report.eval,smartpca_log=benchmarks/readiness/adapters/eigensoft/vcf.population_structure/population_structure_report.smartpca.log	population_structure_report=benchmarks/readiness/adapters/eigensoft/vcf.population_structure/population_structure_report.json	runs/bench/slurm-dry-run/runs/local-benchmark-dry-run/{fixture_scope}/vcf.population_structure/{sample_scope}/eigensoft/stdout.log	runs/bench/slurm-dry-run/runs/local-benchmark-dry-run/{fixture_scope}/vcf.population_structure/{sample_scope}/eigensoft/stderr.log	runs/bench/slurm-dry-run/runs/local-benchmark-dry-run/{fixture_scope}/vcf.population_structure/{sample_scope}/eigensoft/stage-result.json		complete	not_benchmark_ready		row `vcf.population_structure` / `eigensoft` from `eigensoft` keeps raw outputs, normalized outputs, and deterministic stream/result paths explicit
vcf.ibd	germline	cohort_bed=benchmarks/readiness/adapters/descent/germline/vcf.ibd/ibd_segments.cohort.bed,cohort_bim=benchmarks/readiness/adapters/descent/germline/vcf.ibd/ibd_segments.cohort.bim,cohort_fam=benchmarks/readiness/adapters/descent/germline/vcf.ibd/ibd_segments.cohort.fam,germline_match=benchmarks/readiness/adapters/descent/germline/vcf.ibd/ibd_segments.match,logs_txt=benchmarks/readiness/adapters/descent/germline/vcf.ibd/ibd_segments.log	ibd_segments=benchmarks/readiness/adapters/descent/germline/vcf.ibd/ibd_segments.tsv	runs/bench/slurm-dry-run/runs/local-benchmark-dry-run/{fixture_scope}/vcf.ibd/{sample_scope}/germline/stdout.log	runs/bench/slurm-dry-run/runs/local-benchmark-dry-run/{fixture_scope}/vcf.ibd/{sample_scope}/germline/stderr.log	runs/bench/slurm-dry-run/runs/local-benchmark-dry-run/{fixture_scope}/vcf.ibd/{sample_scope}/germline/stage-result.json		complete	not_benchmark_ready		row `vcf.ibd` / `germline` from `descent` keeps raw outputs, normalized outputs, and deterministic stream/result paths explicit
vcf.imputation_metrics	glimpse	imputed_vcf=benchmarks/readiness/adapters/imputation/glimpse/vcf.imputation_metrics/imputed.vcf.gz,imputation_qc_json=benchmarks/readiness/adapters/imputation/glimpse/vcf.imputation_metrics/imputation_qc.json,imputation_accept_json=benchmarks/readiness/adapters/imputation/glimpse/vcf.imputation_metrics/imputation_accept.json,imputation_manifest_json=benchmarks/readiness/adapters/imputation/glimpse/vcf.imputation_metrics/imputation_manifest.json,logs_txt=benchmarks/readiness/adapters/imputation/glimpse/vcf.imputation_metrics/logs.txt,imputation_metrics_json=benchmarks/readiness/adapters/imputation/glimpse/vcf.imputation_metrics/imputation_metrics.json,orchestration_manifest_json=benchmarks/readiness/adapters/imputation/glimpse/vcf.imputation_metrics/orchestration_manifest.json	imputation_metrics_json=benchmarks/readiness/adapters/imputation/glimpse/vcf.imputation_metrics/imputation_metrics.json	runs/bench/slurm-dry-run/runs/local-benchmark-dry-run/{fixture_scope}/vcf.imputation_metrics/{sample_scope}/glimpse/stdout.log	runs/bench/slurm-dry-run/runs/local-benchmark-dry-run/{fixture_scope}/vcf.imputation_metrics/{sample_scope}/glimpse/stderr.log	runs/bench/slurm-dry-run/runs/local-benchmark-dry-run/{fixture_scope}/vcf.imputation_metrics/{sample_scope}/glimpse/stage-result.json	imputed_tbi=benchmarks/readiness/adapters/imputation/glimpse/vcf.imputation_metrics/imputed.vcf.gz.tbi	complete	not_benchmark_ready		row `vcf.imputation_metrics` / `glimpse` from `imputation_family` keeps raw outputs, normalized outputs, and deterministic stream/result paths explicit
vcf.impute	glimpse	imputed_vcf=benchmarks/readiness/adapters/imputation/glimpse/vcf.impute/imputed.vcf.gz,imputation_qc_json=benchmarks/readiness/adapters/imputation/glimpse/vcf.impute/imputation_qc.json,imputation_accept_json=benchmarks/readiness/adapters/imputation/glimpse/vcf.impute/imputation_accept.json,imputation_manifest_json=benchmarks/readiness/adapters/imputation/glimpse/vcf.impute/imputation_manifest.json,logs_txt=benchmarks/readiness/adapters/imputation/glimpse/vcf.impute/logs.txt,imputation_qc_tsv=benchmarks/readiness/adapters/imputation/glimpse/vcf.impute/imputation_qc.tsv,maf_bin_quality_tsv=benchmarks/readiness/adapters/imputation/glimpse/vcf.impute/maf_bins.tsv,info_hist_json=benchmarks/readiness/adapters/imputation/glimpse/vcf.impute/info_hist.json,warnings_json=benchmarks/readiness/adapters/imputation/glimpse/vcf.impute/warnings.json,overlap_stats_json=benchmarks/readiness/adapters/imputation/glimpse/vcf.impute/overlap_stats.json,panel_mismatch_diagnostics_json=benchmarks/readiness/adapters/imputation/glimpse/vcf.impute/panel_mismatch_diagnostics.json	imputed_vcf=benchmarks/readiness/adapters/imputation/glimpse/vcf.impute/imputed.vcf.gz	runs/bench/slurm-dry-run/runs/local-benchmark-dry-run/{fixture_scope}/vcf.impute/{sample_scope}/glimpse/stdout.log	runs/bench/slurm-dry-run/runs/local-benchmark-dry-run/{fixture_scope}/vcf.impute/{sample_scope}/glimpse/stderr.log	runs/bench/slurm-dry-run/runs/local-benchmark-dry-run/{fixture_scope}/vcf.impute/{sample_scope}/glimpse/stage-result.json	imputed_tbi=benchmarks/readiness/adapters/imputation/glimpse/vcf.impute/imputed.vcf.gz.tbi	complete	not_benchmark_ready		row `vcf.impute` / `glimpse` from `imputation_family` keeps raw outputs, normalized outputs, and deterministic stream/result paths explicit
vcf.ibd	ibdhap	ibdhap_segments_tsv=benchmarks/readiness/adapters/descent/ibdhap/vcf.ibd/ibd_segments.segments.tsv,logs_txt=benchmarks/readiness/adapters/descent/ibdhap/vcf.ibd/ibd_segments.log	ibd_segments=benchmarks/readiness/adapters/descent/ibdhap/vcf.ibd/ibd_segments.tsv	runs/bench/slurm-dry-run/runs/local-benchmark-dry-run/{fixture_scope}/vcf.ibd/{sample_scope}/ibdhap/stdout.log	runs/bench/slurm-dry-run/runs/local-benchmark-dry-run/{fixture_scope}/vcf.ibd/{sample_scope}/ibdhap/stderr.log	runs/bench/slurm-dry-run/runs/local-benchmark-dry-run/{fixture_scope}/vcf.ibd/{sample_scope}/ibdhap/stage-result.json		complete	not_benchmark_ready		row `vcf.ibd` / `ibdhap` from `descent` keeps raw outputs, normalized outputs, and deterministic stream/result paths explicit
vcf.demography	ibdne	ne_trajectory_tsv=benchmarks/readiness/adapters/descent/ibdne/vcf.demography/ne_trajectory.tsv,logs_txt=benchmarks/readiness/adapters/descent/ibdne/vcf.demography/demography_report.log	demography_report=benchmarks/readiness/adapters/descent/ibdne/vcf.demography/demography_report.json	runs/bench/slurm-dry-run/runs/local-benchmark-dry-run/{fixture_scope}/vcf.demography/{sample_scope}/ibdne/stdout.log	runs/bench/slurm-dry-run/runs/local-benchmark-dry-run/{fixture_scope}/vcf.demography/{sample_scope}/ibdne/stderr.log	runs/bench/slurm-dry-run/runs/local-benchmark-dry-run/{fixture_scope}/vcf.demography/{sample_scope}/ibdne/stage-result.json		complete	not_benchmark_ready		row `vcf.demography` / `ibdne` from `descent` keeps raw outputs, normalized outputs, and deterministic stream/result paths explicit
vcf.ibd	ibdseq	ibdseq_segments_tsv=benchmarks/readiness/adapters/descent/ibdseq/vcf.ibd/ibd_segments.segments.tsv,logs_txt=benchmarks/readiness/adapters/descent/ibdseq/vcf.ibd/ibd_segments.log	ibd_segments=benchmarks/readiness/adapters/descent/ibdseq/vcf.ibd/ibd_segments.tsv	runs/bench/slurm-dry-run/runs/local-benchmark-dry-run/{fixture_scope}/vcf.ibd/{sample_scope}/ibdseq/stdout.log	runs/bench/slurm-dry-run/runs/local-benchmark-dry-run/{fixture_scope}/vcf.ibd/{sample_scope}/ibdseq/stderr.log	runs/bench/slurm-dry-run/runs/local-benchmark-dry-run/{fixture_scope}/vcf.ibd/{sample_scope}/ibdseq/stage-result.json		complete	not_benchmark_ready		row `vcf.ibd` / `ibdseq` from `descent` keeps raw outputs, normalized outputs, and deterministic stream/result paths explicit
vcf.imputation_metrics	impute5	imputed_vcf=benchmarks/readiness/adapters/imputation/impute5/vcf.imputation_metrics/imputed.vcf.gz,imputation_qc_json=benchmarks/readiness/adapters/imputation/impute5/vcf.imputation_metrics/imputation_qc.json,imputation_accept_json=benchmarks/readiness/adapters/imputation/impute5/vcf.imputation_metrics/imputation_accept.json,imputation_manifest_json=benchmarks/readiness/adapters/imputation/impute5/vcf.imputation_metrics/imputation_manifest.json,logs_txt=benchmarks/readiness/adapters/imputation/impute5/vcf.imputation_metrics/logs.txt,imputation_metrics_json=benchmarks/readiness/adapters/imputation/impute5/vcf.imputation_metrics/imputation_metrics.json,orchestration_manifest_json=benchmarks/readiness/adapters/imputation/impute5/vcf.imputation_metrics/orchestration_manifest.json	imputation_metrics_json=benchmarks/readiness/adapters/imputation/impute5/vcf.imputation_metrics/imputation_metrics.json	runs/bench/slurm-dry-run/runs/local-benchmark-dry-run/{fixture_scope}/vcf.imputation_metrics/{sample_scope}/impute5/stdout.log	runs/bench/slurm-dry-run/runs/local-benchmark-dry-run/{fixture_scope}/vcf.imputation_metrics/{sample_scope}/impute5/stderr.log	runs/bench/slurm-dry-run/runs/local-benchmark-dry-run/{fixture_scope}/vcf.imputation_metrics/{sample_scope}/impute5/stage-result.json	imputed_tbi=benchmarks/readiness/adapters/imputation/impute5/vcf.imputation_metrics/imputed.vcf.gz.tbi	complete	not_benchmark_ready		row `vcf.imputation_metrics` / `impute5` from `imputation_family` keeps raw outputs, normalized outputs, and deterministic stream/result paths explicit
vcf.impute	impute5	imputed_vcf=benchmarks/readiness/adapters/imputation/impute5/vcf.impute/imputed.vcf.gz,imputation_qc_json=benchmarks/readiness/adapters/imputation/impute5/vcf.impute/imputation_qc.json,imputation_accept_json=benchmarks/readiness/adapters/imputation/impute5/vcf.impute/imputation_accept.json,imputation_manifest_json=benchmarks/readiness/adapters/imputation/impute5/vcf.impute/imputation_manifest.json,logs_txt=benchmarks/readiness/adapters/imputation/impute5/vcf.impute/logs.txt,imputation_qc_tsv=benchmarks/readiness/adapters/imputation/impute5/vcf.impute/imputation_qc.tsv,maf_bin_quality_tsv=benchmarks/readiness/adapters/imputation/impute5/vcf.impute/maf_bins.tsv,info_hist_json=benchmarks/readiness/adapters/imputation/impute5/vcf.impute/info_hist.json,warnings_json=benchmarks/readiness/adapters/imputation/impute5/vcf.impute/warnings.json,overlap_stats_json=benchmarks/readiness/adapters/imputation/impute5/vcf.impute/overlap_stats.json,panel_mismatch_diagnostics_json=benchmarks/readiness/adapters/imputation/impute5/vcf.impute/panel_mismatch_diagnostics.json	imputed_vcf=benchmarks/readiness/adapters/imputation/impute5/vcf.impute/imputed.vcf.gz	runs/bench/slurm-dry-run/runs/local-benchmark-dry-run/{fixture_scope}/vcf.impute/{sample_scope}/impute5/stdout.log	runs/bench/slurm-dry-run/runs/local-benchmark-dry-run/{fixture_scope}/vcf.impute/{sample_scope}/impute5/stderr.log	runs/bench/slurm-dry-run/runs/local-benchmark-dry-run/{fixture_scope}/vcf.impute/{sample_scope}/impute5/stage-result.json	imputed_tbi=benchmarks/readiness/adapters/imputation/impute5/vcf.impute/imputed.vcf.gz.tbi	complete	not_benchmark_ready		row `vcf.impute` / `impute5` from `imputation_family` keeps raw outputs, normalized outputs, and deterministic stream/result paths explicit
vcf.imputation_metrics	minimac4	imputed_vcf=benchmarks/readiness/adapters/imputation/minimac4/vcf.imputation_metrics/imputed.vcf.gz,imputation_qc_json=benchmarks/readiness/adapters/imputation/minimac4/vcf.imputation_metrics/imputation_qc.json,imputation_accept_json=benchmarks/readiness/adapters/imputation/minimac4/vcf.imputation_metrics/imputation_accept.json,imputation_manifest_json=benchmarks/readiness/adapters/imputation/minimac4/vcf.imputation_metrics/imputation_manifest.json,logs_txt=benchmarks/readiness/adapters/imputation/minimac4/vcf.imputation_metrics/logs.txt,imputation_metrics_json=benchmarks/readiness/adapters/imputation/minimac4/vcf.imputation_metrics/imputation_metrics.json,orchestration_manifest_json=benchmarks/readiness/adapters/imputation/minimac4/vcf.imputation_metrics/orchestration_manifest.json	imputation_metrics_json=benchmarks/readiness/adapters/imputation/minimac4/vcf.imputation_metrics/imputation_metrics.json	runs/bench/slurm-dry-run/runs/local-benchmark-dry-run/{fixture_scope}/vcf.imputation_metrics/{sample_scope}/minimac4/stdout.log	runs/bench/slurm-dry-run/runs/local-benchmark-dry-run/{fixture_scope}/vcf.imputation_metrics/{sample_scope}/minimac4/stderr.log	runs/bench/slurm-dry-run/runs/local-benchmark-dry-run/{fixture_scope}/vcf.imputation_metrics/{sample_scope}/minimac4/stage-result.json	imputed_tbi=benchmarks/readiness/adapters/imputation/minimac4/vcf.imputation_metrics/imputed.vcf.gz.tbi	complete	not_benchmark_ready		row `vcf.imputation_metrics` / `minimac4` from `imputation_family` keeps raw outputs, normalized outputs, and deterministic stream/result paths explicit
vcf.impute	minimac4	imputed_vcf=benchmarks/readiness/adapters/imputation/minimac4/vcf.impute/imputed.vcf.gz,imputation_qc_json=benchmarks/readiness/adapters/imputation/minimac4/vcf.impute/imputation_qc.json,imputation_accept_json=benchmarks/readiness/adapters/imputation/minimac4/vcf.impute/imputation_accept.json,imputation_manifest_json=benchmarks/readiness/adapters/imputation/minimac4/vcf.impute/imputation_manifest.json,logs_txt=benchmarks/readiness/adapters/imputation/minimac4/vcf.impute/logs.txt,imputation_qc_tsv=benchmarks/readiness/adapters/imputation/minimac4/vcf.impute/imputation_qc.tsv,maf_bin_quality_tsv=benchmarks/readiness/adapters/imputation/minimac4/vcf.impute/maf_bins.tsv,info_hist_json=benchmarks/readiness/adapters/imputation/minimac4/vcf.impute/info_hist.json,warnings_json=benchmarks/readiness/adapters/imputation/minimac4/vcf.impute/warnings.json,overlap_stats_json=benchmarks/readiness/adapters/imputation/minimac4/vcf.impute/overlap_stats.json,panel_mismatch_diagnostics_json=benchmarks/readiness/adapters/imputation/minimac4/vcf.impute/panel_mismatch_diagnostics.json	imputed_vcf=benchmarks/readiness/adapters/imputation/minimac4/vcf.impute/imputed.vcf.gz	runs/bench/slurm-dry-run/runs/local-benchmark-dry-run/{fixture_scope}/vcf.impute/{sample_scope}/minimac4/stdout.log	runs/bench/slurm-dry-run/runs/local-benchmark-dry-run/{fixture_scope}/vcf.impute/{sample_scope}/minimac4/stderr.log	runs/bench/slurm-dry-run/runs/local-benchmark-dry-run/{fixture_scope}/vcf.impute/{sample_scope}/minimac4/stage-result.json	imputed_tbi=benchmarks/readiness/adapters/imputation/minimac4/vcf.impute/imputed.vcf.gz.tbi	complete	not_benchmark_ready		row `vcf.impute` / `minimac4` from `imputation_family` keeps raw outputs, normalized outputs, and deterministic stream/result paths explicit
vcf.admixture	plink	bed_matrix=benchmarks/readiness/adapters/plink/vcf.admixture/admixture.bed,bim_index=benchmarks/readiness/adapters/plink/vcf.admixture/admixture.bim,fam_samples=benchmarks/readiness/adapters/plink/vcf.admixture/admixture.fam,allele_frequency_frq=benchmarks/readiness/adapters/plink/vcf.admixture/admixture.frq,sample_missingness_imiss=benchmarks/readiness/adapters/plink/vcf.admixture/admixture.imiss,variant_missingness_lmiss=benchmarks/readiness/adapters/plink/vcf.admixture/admixture.lmiss,plink_log=benchmarks/readiness/adapters/plink/vcf.admixture/admixture.log	admixture_report=benchmarks/readiness/adapters/plink/vcf.admixture/admixture_report.json	runs/bench/slurm-dry-run/runs/local-benchmark-dry-run/{fixture_scope}/vcf.admixture/{sample_scope}/plink/stdout.log	runs/bench/slurm-dry-run/runs/local-benchmark-dry-run/{fixture_scope}/vcf.admixture/{sample_scope}/plink/stderr.log	runs/bench/slurm-dry-run/runs/local-benchmark-dry-run/{fixture_scope}/vcf.admixture/{sample_scope}/plink/stage-result.json		complete	not_benchmark_ready		row `vcf.admixture` / `plink` from `plink` keeps raw outputs, normalized outputs, and deterministic stream/result paths explicit
vcf.qc	plink	sample_missingness_imiss=benchmarks/readiness/adapters/plink/vcf.qc/qc.imiss,variant_missingness_lmiss=benchmarks/readiness/adapters/plink/vcf.qc/qc.lmiss,allele_frequency_frq=benchmarks/readiness/adapters/plink/vcf.qc/qc.frq,heterozygosity_het=benchmarks/readiness/adapters/plink/vcf.qc/qc.het,hardy_weinberg_hwe=benchmarks/readiness/adapters/plink/vcf.qc/qc.hwe,plink_log=benchmarks/readiness/adapters/plink/vcf.qc/qc.log	qc_report=benchmarks/readiness/adapters/plink/vcf.qc/qc_report.json	runs/bench/slurm-dry-run/runs/local-benchmark-dry-run/{fixture_scope}/vcf.qc/{sample_scope}/plink/stdout.log	runs/bench/slurm-dry-run/runs/local-benchmark-dry-run/{fixture_scope}/vcf.qc/{sample_scope}/plink/stderr.log	runs/bench/slurm-dry-run/runs/local-benchmark-dry-run/{fixture_scope}/vcf.qc/{sample_scope}/plink/stage-result.json		complete	benchmark_ready		row `vcf.qc` / `plink` from `plink` keeps raw outputs, normalized outputs, and deterministic stream/result paths explicit
vcf.admixture	plink2	admixture_proxy_eigenvec=benchmarks/readiness/adapters/plink2/vcf.admixture/admixture.eigenvec,admixture_proxy_eigenval=benchmarks/readiness/adapters/plink2/vcf.admixture/admixture.eigenval,plink2_log=benchmarks/readiness/adapters/plink2/vcf.admixture/admixture.log	admixture_report=benchmarks/readiness/adapters/plink2/vcf.admixture/admixture_report.json	runs/bench/slurm-dry-run/runs/local-benchmark-dry-run/{fixture_scope}/vcf.admixture/{sample_scope}/plink2/stdout.log	runs/bench/slurm-dry-run/runs/local-benchmark-dry-run/{fixture_scope}/vcf.admixture/{sample_scope}/plink2/stderr.log	runs/bench/slurm-dry-run/runs/local-benchmark-dry-run/{fixture_scope}/vcf.admixture/{sample_scope}/plink2/stage-result.json		complete	benchmark_ready		row `vcf.admixture` / `plink2` from `plink2` keeps raw outputs, normalized outputs, and deterministic stream/result paths explicit
vcf.pca	plink2	pca_eigenvec=benchmarks/readiness/adapters/plink2/vcf.pca/pca.eigenvec,pca_eigenval=benchmarks/readiness/adapters/plink2/vcf.pca/pca.eigenval,plink2_log=benchmarks/readiness/adapters/plink2/vcf.pca/pca.log	pca_report=benchmarks/readiness/adapters/plink2/vcf.pca/pca_report.json	runs/bench/slurm-dry-run/runs/local-benchmark-dry-run/{fixture_scope}/vcf.pca/{sample_scope}/plink2/stdout.log	runs/bench/slurm-dry-run/runs/local-benchmark-dry-run/{fixture_scope}/vcf.pca/{sample_scope}/plink2/stderr.log	runs/bench/slurm-dry-run/runs/local-benchmark-dry-run/{fixture_scope}/vcf.pca/{sample_scope}/plink2/stage-result.json		complete	benchmark_ready		row `vcf.pca` / `plink2` from `plink2` keeps raw outputs, normalized outputs, and deterministic stream/result paths explicit
vcf.population_structure	plink2	ld_prune_in=benchmarks/readiness/adapters/plink2/vcf.population_structure/population_structure.prune.prune.in,ld_prune_out=benchmarks/readiness/adapters/plink2/vcf.population_structure/population_structure.prune.prune.out,population_pca_eigenvec=benchmarks/readiness/adapters/plink2/vcf.population_structure/population_structure.pca.eigenvec,population_pca_eigenval=benchmarks/readiness/adapters/plink2/vcf.population_structure/population_structure.pca.eigenval,prune_log=benchmarks/readiness/adapters/plink2/vcf.population_structure/population_structure.prune.log,pca_log=benchmarks/readiness/adapters/plink2/vcf.population_structure/population_structure.pca.log	population_structure_report=benchmarks/readiness/adapters/plink2/vcf.population_structure/population_structure_report.json	runs/bench/slurm-dry-run/runs/local-benchmark-dry-run/{fixture_scope}/vcf.population_structure/{sample_scope}/plink2/stdout.log	runs/bench/slurm-dry-run/runs/local-benchmark-dry-run/{fixture_scope}/vcf.population_structure/{sample_scope}/plink2/stderr.log	runs/bench/slurm-dry-run/runs/local-benchmark-dry-run/{fixture_scope}/vcf.population_structure/{sample_scope}/plink2/stage-result.json		complete	benchmark_ready		row `vcf.population_structure` / `plink2` from `plink2` keeps raw outputs, normalized outputs, and deterministic stream/result paths explicit
vcf.qc	plink2	sample_missingness_smiss=benchmarks/readiness/adapters/plink2/vcf.qc/qc.smiss,variant_missingness_vmiss=benchmarks/readiness/adapters/plink2/vcf.qc/qc.vmiss,allele_frequency_afreq=benchmarks/readiness/adapters/plink2/vcf.qc/qc.afreq,heterozygosity_het=benchmarks/readiness/adapters/plink2/vcf.qc/qc.het,hardy_weinberg_hardy=benchmarks/readiness/adapters/plink2/vcf.qc/qc.hardy,plink2_log=benchmarks/readiness/adapters/plink2/vcf.qc/qc.log	qc_report=benchmarks/readiness/adapters/plink2/vcf.qc/qc_report.json	runs/bench/slurm-dry-run/runs/local-benchmark-dry-run/{fixture_scope}/vcf.qc/{sample_scope}/plink2/stdout.log	runs/bench/slurm-dry-run/runs/local-benchmark-dry-run/{fixture_scope}/vcf.qc/{sample_scope}/plink2/stderr.log	runs/bench/slurm-dry-run/runs/local-benchmark-dry-run/{fixture_scope}/vcf.qc/{sample_scope}/plink2/stage-result.json		complete	benchmark_ready		row `vcf.qc` / `plink2` from `plink2` keeps raw outputs, normalized outputs, and deterministic stream/result paths explicit
vcf.roh	plink2	roh_hom=benchmarks/readiness/adapters/descent/plink2/vcf.roh/roh_report.hom,logs_txt=benchmarks/readiness/adapters/descent/plink2/vcf.roh/roh_report.log	roh_report=benchmarks/readiness/adapters/descent/plink2/vcf.roh/roh_report.json	runs/bench/slurm-dry-run/runs/local-benchmark-dry-run/{fixture_scope}/vcf.roh/{sample_scope}/plink2/stdout.log	runs/bench/slurm-dry-run/runs/local-benchmark-dry-run/{fixture_scope}/vcf.roh/{sample_scope}/plink2/stderr.log	runs/bench/slurm-dry-run/runs/local-benchmark-dry-run/{fixture_scope}/vcf.roh/{sample_scope}/plink2/stage-result.json		complete	not_benchmark_ready		row `vcf.roh` / `plink2` from `descent` keeps raw outputs, normalized outputs, and deterministic stream/result paths explicit
vcf.phasing	shapeit5	phased_vcf=benchmarks/readiness/adapters/shapeit5/vcf.phasing/phased.vcf.gz,phase_block_stats=benchmarks/readiness/adapters/shapeit5/vcf.phasing/phase_block_stats.tsv,switch_error_proxy=benchmarks/readiness/adapters/shapeit5/vcf.phasing/switch_error_proxy.tsv,phasing_log=benchmarks/readiness/adapters/shapeit5/vcf.phasing/logs.txt	phased_vcf=benchmarks/readiness/adapters/shapeit5/vcf.phasing/phased.vcf.gz	runs/bench/slurm-dry-run/runs/local-benchmark-dry-run/{fixture_scope}/vcf.phasing/{sample_scope}/shapeit5/stdout.log	runs/bench/slurm-dry-run/runs/local-benchmark-dry-run/{fixture_scope}/vcf.phasing/{sample_scope}/shapeit5/stderr.log	runs/bench/slurm-dry-run/runs/local-benchmark-dry-run/{fixture_scope}/vcf.phasing/{sample_scope}/shapeit5/stage-result.json	phased_vcf_tbi=benchmarks/readiness/adapters/shapeit5/vcf.phasing/phased.vcf.gz.tbi	complete	benchmark_ready		row `vcf.phasing` / `shapeit5` from `shapeit5` keeps raw outputs, normalized outputs, and deterministic stream/result paths explicit
