result_id	domain	stage_id	tool_id	corpus_id	asset_profile_id	adapter_id	parser_id	schema_id	expected_outputs	expected_metrics	report_section	coverage_status	reason
bam:corpus-01-mini:bam.align:sample-set:bowtie2	bam	bam.align	bowtie2	corpus-01-mini	corpus_only	bam.adapter.align	bam.parser.align	bam_align_normalized_v1	align_bam,align_bai,align_metrics,flagstat,idxstats,stats,stage_metrics	align_metrics,alignment_rate,mapped_reads	alignment_intake	covered	active row `bam` / `bam.align` / `bowtie2` keeps governed expected-result coverage with result_id `bam:corpus-01-mini:bam.align:sample-set:bowtie2` in report section `alignment_intake`
bam:corpus-01-mini:bam.align:sample-set:bwa	bam	bam.align	bwa	corpus-01-mini	corpus_only	bam.adapter.align	bam.parser.align	bam_align_normalized_v1	align_bam,align_bai,align_metrics,flagstat,idxstats,stats,stage_metrics	align_metrics,alignment_rate,mapped_reads	alignment_intake	covered	active row `bam` / `bam.align` / `bwa` keeps governed expected-result coverage with result_id `bam:corpus-01-mini:bam.align:sample-set:bwa` in report section `alignment_intake`
bam:corpus-01-adna-damage-mini:bam.authenticity:adna_damage_non_udg:authenticct	bam	bam.authenticity	authenticct	corpus-01-adna-damage-mini	corpus_only	bam.adapter.authenticity	bam.parser.authenticity	bam_authenticity_normalized_v1	authenticity_report,summary,stage_metrics	authenticity_report,confidence,consumed_metric_ids,missing_metric_ids,pmd_like_signal_present,score	ancient_signal	covered	active row `bam` / `bam.authenticity` / `authenticct` keeps governed expected-result coverage with result_id `bam:corpus-01-adna-damage-mini:bam.authenticity:adna_damage_non_udg:authenticct` in report section `ancient_signal`
bam:corpus-01-adna-damage-mini:bam.authenticity:adna_damage_non_udg:damageprofiler	bam	bam.authenticity	damageprofiler	corpus-01-adna-damage-mini	corpus_only	bam.adapter.authenticity	bam.parser.authenticity	bam_authenticity_normalized_v1	damage_report,terminal_position_metrics,parser_output,stage_metrics,damage_profile,damage_plot,authenticity_report,summary	authenticity_report,confidence,consumed_metric_ids,missing_metric_ids,pmd_like_signal_present,score	ancient_signal	covered	active row `bam` / `bam.authenticity` / `damageprofiler` keeps governed expected-result coverage with result_id `bam:corpus-01-adna-damage-mini:bam.authenticity:adna_damage_non_udg:damageprofiler` in report section `ancient_signal`
bam:corpus-01-adna-damage-mini:bam.authenticity:adna_damage_non_udg:pmdtools	bam	bam.authenticity	pmdtools	corpus-01-adna-damage-mini	corpus_only	bam.adapter.authenticity	bam.parser.authenticity	bam_authenticity_normalized_v1	damage_report,terminal_position_metrics,parser_output,stage_metrics,authenticity_report,summary,pmd_scores,damage_profile	authenticity_report,confidence,consumed_metric_ids,missing_metric_ids,pmd_like_signal_present,score	ancient_signal	covered	active row `bam` / `bam.authenticity` / `pmdtools` keeps governed expected-result coverage with result_id `bam:corpus-01-adna-damage-mini:bam.authenticity:adna_damage_non_udg:pmdtools` in report section `ancient_signal`
bam:corpus-01-bam-mini:bam.bias_mitigation:sample-set:mapdamage2	bam	bam.bias_mitigation	mapdamage2	corpus-01-bam-mini	corpus_only	bam.adapter.bias_mitigation	bam.parser.bias_mitigation	bam_bias_mitigation_normalized_v1	damage_report,terminal_position_metrics,parser_output,stage_metrics,damage_profile,damage_plot,bias_report,summary	bias_report	downstream_readiness	covered	active row `bam` / `bam.bias_mitigation` / `mapdamage2` keeps governed expected-result coverage with result_id `bam:corpus-01-bam-mini:bam.bias_mitigation:sample-set:mapdamage2` in report section `downstream_readiness`
bam:corpus-01-bam-mini:bam.complexity:sample-set:preseq	bam	bam.complexity	preseq	corpus-01-bam-mini	corpus_only	bam.adapter.complexity	bam.parser.complexity	bam_complexity_normalized_v1	complexity_report,complexity_curve,summary,stage_metrics	summary	library_complexity	covered	active row `bam` / `bam.complexity` / `preseq` keeps governed expected-result coverage with result_id `bam:corpus-01-bam-mini:bam.complexity:sample-set:preseq` in report section `library_complexity`
bam:corpus-01-adna-bam-mini:bam.contamination:sample-set:contammix	bam	bam.contamination	contammix	corpus-01-adna-bam-mini	reference_fasta+reference_panel	bam.adapter.contamination	bam.parser.contamination	bam_contamination_normalized_v1	contamination_report,summary,stage_metrics,contamination_estimate,contammix_report	ci_high,ci_low,contamination_report,estimate,prerequisites_passed,scope	ancient_signal	covered	active row `bam` / `bam.contamination` / `contammix` keeps governed expected-result coverage with result_id `bam:corpus-01-adna-bam-mini:bam.contamination:sample-set:contammix` in report section `ancient_signal`
bam:corpus-01-adna-bam-mini:bam.contamination:sample-set:schmutzi	bam	bam.contamination	schmutzi	corpus-01-adna-bam-mini	reference_fasta+reference_panel	bam.adapter.contamination	bam.parser.contamination	bam_contamination_normalized_v1	contamination_report,summary,stage_metrics,contamination_estimate,mt_consensus	ci_high,ci_low,contamination_report,estimate,prerequisites_passed,scope	ancient_signal	covered	active row `bam` / `bam.contamination` / `schmutzi` keeps governed expected-result coverage with result_id `bam:corpus-01-adna-bam-mini:bam.contamination:sample-set:schmutzi` in report section `ancient_signal`
bam:corpus-01-adna-bam-mini:bam.contamination:sample-set:verifybamid2	bam	bam.contamination	verifybamid2	corpus-01-adna-bam-mini	reference_fasta+reference_panel	bam.adapter.contamination	bam.parser.contamination	bam_contamination_normalized_v1	contamination_report,summary,stage_metrics,contamination_estimate	ci_high,ci_low,contamination_report,estimate,prerequisites_passed,scope	ancient_signal	covered	active row `bam` / `bam.contamination` / `verifybamid2` keeps governed expected-result coverage with result_id `bam:corpus-01-adna-bam-mini:bam.contamination:sample-set:verifybamid2` in report section `ancient_signal`
bam:corpus-01-bam-mini:bam.coverage:sample-set:bedtools	bam	bam.coverage	bedtools	corpus-01-bam-mini	corpus_only	bam.adapter.coverage	bam.parser.coverage	bam_coverage_normalized_v1	validation_report,flagstat,stage_metrics,filtered_bam,filtered_bai,flagstat_before,flagstat_after,idxstats_before,idxstats_after,summary,coverage_summary,coverage_depth	breadth_1x,coverage_summary,covered_bases,mean_depth,observed_region_count,region_ids	coverage_quality	covered	active row `bam` / `bam.coverage` / `bedtools` keeps governed expected-result coverage with result_id `bam:corpus-01-bam-mini:bam.coverage:sample-set:bedtools` in report section `coverage_quality`
bam:corpus-01-bam-mini:bam.coverage:sample-set:mosdepth	bam	bam.coverage	mosdepth	corpus-01-bam-mini	corpus_only	bam.adapter.coverage	bam.parser.coverage	bam_coverage_normalized_v1	coverage_summary,coverage_depth,stage_metrics	breadth_1x,coverage_summary,covered_bases,mean_depth,observed_region_count,region_ids	coverage_quality	covered	active row `bam` / `bam.coverage` / `mosdepth` keeps governed expected-result coverage with result_id `bam:corpus-01-bam-mini:bam.coverage:sample-set:mosdepth` in report section `coverage_quality`
bam:corpus-01-bam-mini:bam.coverage:sample-set:samtools	bam	bam.coverage	samtools	corpus-01-bam-mini	corpus_only	bam.adapter.coverage	bam.parser.coverage	bam_coverage_normalized_v1	validation_report,flagstat,stage_metrics,idxstats,stats,summary,filtered_bam,filtered_bai,flagstat_before,flagstat_after,idxstats_before,idxstats_after,markdup_bam,markdup_bai,duplication_report,duplication_histogram,coverage_summary,coverage_depth,endogenous_report	breadth_1x,coverage_summary,covered_bases,mean_depth,observed_region_count,region_ids	coverage_quality	covered	active row `bam` / `bam.coverage` / `samtools` keeps governed expected-result coverage with result_id `bam:corpus-01-bam-mini:bam.coverage:sample-set:samtools` in report section `coverage_quality`
bam:corpus-01-adna-damage-mini:bam.damage:adna_damage_non_udg:addeam	bam	bam.damage	addeam	corpus-01-adna-damage-mini	corpus_only	bam.adapter.damage	bam.parser.damage	bam_damage_normalized_v1	damage_report,terminal_position_metrics,parser_output,stage_metrics,damage_profile,damage_clusters	damage_report,damage_signal,memory_mb,runtime_s,terminal_c_to_t_5p,terminal_g_to_a_3p	ancient_signal	covered	active row `bam` / `bam.damage` / `addeam` keeps governed expected-result coverage with result_id `bam:corpus-01-adna-damage-mini:bam.damage:adna_damage_non_udg:addeam` in report section `ancient_signal`
bam:corpus-01-adna-damage-mini:bam.damage:adna_damage_non_udg:damageprofiler	bam	bam.damage	damageprofiler	corpus-01-adna-damage-mini	corpus_only	bam.adapter.damage	bam.parser.damage	bam_damage_normalized_v1	damage_report,terminal_position_metrics,parser_output,stage_metrics,damage_profile,damage_plot,authenticity_report,summary	damage_report,damage_signal,memory_mb,runtime_s,terminal_c_to_t_5p,terminal_g_to_a_3p	ancient_signal	covered	active row `bam` / `bam.damage` / `damageprofiler` keeps governed expected-result coverage with result_id `bam:corpus-01-adna-damage-mini:bam.damage:adna_damage_non_udg:damageprofiler` in report section `ancient_signal`
bam:corpus-01-adna-damage-mini:bam.damage:adna_damage_non_udg:mapdamage2	bam	bam.damage	mapdamage2	corpus-01-adna-damage-mini	corpus_only	bam.adapter.damage	bam.parser.damage	bam_damage_normalized_v1	damage_report,terminal_position_metrics,parser_output,stage_metrics,damage_profile,damage_plot,bias_report,summary	damage_report,damage_signal,memory_mb,runtime_s,terminal_c_to_t_5p,terminal_g_to_a_3p	ancient_signal	covered	active row `bam` / `bam.damage` / `mapdamage2` keeps governed expected-result coverage with result_id `bam:corpus-01-adna-damage-mini:bam.damage:adna_damage_non_udg:mapdamage2` in report section `ancient_signal`
bam:corpus-01-adna-damage-mini:bam.damage:adna_damage_non_udg:ngsbriggs	bam	bam.damage	ngsbriggs	corpus-01-adna-damage-mini	corpus_only	bam.adapter.damage	bam.parser.damage	bam_damage_normalized_v1	damage_report,terminal_position_metrics,parser_output,stage_metrics,damage_profile,damage_parameters	damage_report,damage_signal,memory_mb,runtime_s,terminal_c_to_t_5p,terminal_g_to_a_3p	ancient_signal	covered	active row `bam` / `bam.damage` / `ngsbriggs` keeps governed expected-result coverage with result_id `bam:corpus-01-adna-damage-mini:bam.damage:adna_damage_non_udg:ngsbriggs` in report section `ancient_signal`
bam:corpus-01-adna-damage-mini:bam.damage:adna_damage_non_udg:pmdtools	bam	bam.damage	pmdtools	corpus-01-adna-damage-mini	corpus_only	bam.adapter.damage	bam.parser.damage	bam_damage_normalized_v1	damage_report,terminal_position_metrics,parser_output,stage_metrics,authenticity_report,summary,pmd_scores,damage_profile	damage_report,damage_signal,memory_mb,runtime_s,terminal_c_to_t_5p,terminal_g_to_a_3p	ancient_signal	covered	active row `bam` / `bam.damage` / `pmdtools` keeps governed expected-result coverage with result_id `bam:corpus-01-adna-damage-mini:bam.damage:adna_damage_non_udg:pmdtools` in report section `ancient_signal`
bam:corpus-01-adna-damage-mini:bam.damage:adna_damage_non_udg:pydamage	bam	bam.damage	pydamage	corpus-01-adna-damage-mini	corpus_only	bam.adapter.damage	bam.parser.damage	bam_damage_normalized_v1	damage_report,terminal_position_metrics,parser_output,stage_metrics,damage_profile	damage_report,damage_signal,memory_mb,runtime_s,terminal_c_to_t_5p,terminal_g_to_a_3p	ancient_signal	covered	active row `bam` / `bam.damage` / `pydamage` keeps governed expected-result coverage with result_id `bam:corpus-01-adna-damage-mini:bam.damage:adna_damage_non_udg:pydamage` in report section `ancient_signal`
bam:corpus-01-bam-mini:bam.duplication_metrics:sample-set:picard	bam	bam.duplication_metrics	picard	corpus-01-bam-mini	corpus_only	bam.adapter.duplication_metrics	bam.parser.duplication_metrics	bam_duplication_metrics_normalized_v1	gc_bias_report,gc_bias_plot,summary,stage_metrics,insert_size_report,insert_size_histogram,duplication_report,duplication_histogram,markdup_bam,markdup_bai,flagstat_before,flagstat_after,idxstats_before,idxstats_after,filtered_bam,filtered_bai,flagstat,idxstats,stats	duplicate_count,duplicate_fraction,duplication_report,estimated_library_size	library_complexity	covered	active row `bam` / `bam.duplication_metrics` / `picard` keeps governed expected-result coverage with result_id `bam:corpus-01-bam-mini:bam.duplication_metrics:sample-set:picard` in report section `library_complexity`
bam:corpus-01-bam-mini:bam.duplication_metrics:sample-set:samtools	bam	bam.duplication_metrics	samtools	corpus-01-bam-mini	corpus_only	bam.adapter.duplication_metrics	bam.parser.duplication_metrics	bam_duplication_metrics_normalized_v1	validation_report,flagstat,stage_metrics,idxstats,stats,summary,filtered_bam,filtered_bai,flagstat_before,flagstat_after,idxstats_before,idxstats_after,markdup_bam,markdup_bai,duplication_report,duplication_histogram,coverage_summary,coverage_depth,endogenous_report	duplicate_count,duplicate_fraction,duplication_report,estimated_library_size	library_complexity	covered	active row `bam` / `bam.duplication_metrics` / `samtools` keeps governed expected-result coverage with result_id `bam:corpus-01-bam-mini:bam.duplication_metrics:sample-set:samtools` in report section `library_complexity`
bam:corpus-01-bam-mini:bam.endogenous_content:sample-set:samtools	bam	bam.endogenous_content	samtools	corpus-01-bam-mini	corpus_only	bam.adapter.endogenous_content	bam.parser.endogenous_content	bam_endogenous_content_normalized_v1	validation_report,flagstat,stage_metrics,idxstats,stats,summary,filtered_bam,filtered_bai,flagstat_before,flagstat_after,idxstats_before,idxstats_after,markdup_bam,markdup_bai,duplication_report,duplication_histogram,coverage_summary,coverage_depth,endogenous_report	endogenous_report	coverage_quality	covered	active row `bam` / `bam.endogenous_content` / `samtools` keeps governed expected-result coverage with result_id `bam:corpus-01-bam-mini:bam.endogenous_content:sample-set:samtools` in report section `coverage_quality`
bam:corpus-01-bam-mini:bam.filter:sample-set:bamtools	bam	bam.filter	bamtools	corpus-01-bam-mini	corpus_only	bam.adapter.filter	bam.parser.filter	bam_filter_normalized_v1	validation_report,flagstat,stage_metrics,filtered_bam,filtered_bai,flagstat_before,flagstat_after,idxstats_before,idxstats_after,summary	active_filters,input_reads,kept_reads,removed_reads,summary	alignment_refinement	covered	active row `bam` / `bam.filter` / `bamtools` keeps governed expected-result coverage with result_id `bam:corpus-01-bam-mini:bam.filter:sample-set:bamtools` in report section `alignment_refinement`
bam:corpus-01-bam-mini:bam.filter:sample-set:bedtools	bam	bam.filter	bedtools	corpus-01-bam-mini	corpus_only	bam.adapter.filter	bam.parser.filter	bam_filter_normalized_v1	validation_report,flagstat,stage_metrics,filtered_bam,filtered_bai,flagstat_before,flagstat_after,idxstats_before,idxstats_after,summary,coverage_summary,coverage_depth	active_filters,input_reads,kept_reads,removed_reads,summary	alignment_refinement	covered	active row `bam` / `bam.filter` / `bedtools` keeps governed expected-result coverage with result_id `bam:corpus-01-bam-mini:bam.filter:sample-set:bedtools` in report section `alignment_refinement`
bam:corpus-01-bam-mini:bam.filter:sample-set:samtools	bam	bam.filter	samtools	corpus-01-bam-mini	corpus_only	bam.adapter.filter	bam.parser.filter	bam_filter_normalized_v1	validation_report,flagstat,stage_metrics,idxstats,stats,summary,filtered_bam,filtered_bai,flagstat_before,flagstat_after,idxstats_before,idxstats_after,markdup_bam,markdup_bai,duplication_report,duplication_histogram,coverage_summary,coverage_depth,endogenous_report	active_filters,input_reads,kept_reads,removed_reads,summary	alignment_refinement	covered	active row `bam` / `bam.filter` / `samtools` keeps governed expected-result coverage with result_id `bam:corpus-01-bam-mini:bam.filter:sample-set:samtools` in report section `alignment_refinement`
bam:corpus-01-bam-mini:bam.gc_bias:sample-set:picard	bam	bam.gc_bias	picard	corpus-01-bam-mini	corpus_only	bam.adapter.gc_bias	bam.parser.gc_bias	bam_gc_bias_normalized_v1	gc_bias_report,gc_bias_plot,summary,stage_metrics,insert_size_report,insert_size_histogram,duplication_report,duplication_histogram,markdup_bam,markdup_bai,flagstat_before,flagstat_after,idxstats_before,idxstats_after,filtered_bam,filtered_bai,flagstat,idxstats,stats	gc_bias_report	coverage_quality	covered	active row `bam` / `bam.gc_bias` / `picard` keeps governed expected-result coverage with result_id `bam:corpus-01-bam-mini:bam.gc_bias:sample-set:picard` in report section `coverage_quality`
bam:corpus-01-genotyping-mini:bam.genotyping:human_like_genotyping_candidate_panel:angsd	bam	bam.genotyping	angsd	corpus-01-genotyping-mini	reference_fasta+regions+sites_vcf	bam.adapter.genotyping	bam.parser.genotyping	bam_genotyping_normalized_v1	sex_report,kinship_report,genotyping_report,summary,stage_metrics,population_metrics	genotyping_report	downstream_readiness	covered	active row `bam` / `bam.genotyping` / `angsd` keeps governed expected-result coverage with result_id `bam:corpus-01-genotyping-mini:bam.genotyping:human_like_genotyping_candidate_panel:angsd` in report section `downstream_readiness`
bam:corpus-01-adna-bam-mini:bam.haplogroups:sample-set:yleaf	bam	bam.haplogroups	yleaf	corpus-01-adna-bam-mini	reference_fasta+reference_panel	bam.adapter.haplogroups	bam.parser.haplogroups	bam_haplogroups_normalized_v1	sex_report,haplogroups,summary,stage_metrics,haplogroup_report	haplogroups	sample_identity	covered	active row `bam` / `bam.haplogroups` / `yleaf` keeps governed expected-result coverage with result_id `bam:corpus-01-adna-bam-mini:bam.haplogroups:sample-set:yleaf` in report section `sample_identity`
bam:corpus-01-bam-mini:bam.insert_size:sample-set:picard	bam	bam.insert_size	picard	corpus-01-bam-mini	corpus_only	bam.adapter.insert_size	bam.parser.insert_size	bam_insert_size_normalized_v1	gc_bias_report,gc_bias_plot,summary,stage_metrics,insert_size_report,insert_size_histogram,duplication_report,duplication_histogram,markdup_bam,markdup_bai,flagstat_before,flagstat_after,idxstats_before,idxstats_after,filtered_bam,filtered_bai,flagstat,idxstats,stats	insert_size_report	coverage_quality	covered	active row `bam` / `bam.insert_size` / `picard` keeps governed expected-result coverage with result_id `bam:corpus-01-bam-mini:bam.insert_size:sample-set:picard` in report section `coverage_quality`
bam:corpus-01-kinship-mini:bam.kinship:sample-set:angsd	bam	bam.kinship	angsd	corpus-01-kinship-mini	reference_fasta+reference_panel	bam.adapter.kinship	bam.parser.kinship	bam_kinship_normalized_v1	sex_report,kinship_report,genotyping_report,summary,stage_metrics,population_metrics	kinship_report,observed_max_overlap_snps,pair_count,pairwise_results,status	sample_identity	covered	active row `bam` / `bam.kinship` / `angsd` keeps governed expected-result coverage with result_id `bam:corpus-01-kinship-mini:bam.kinship:sample-set:angsd` in report section `sample_identity`
bam:corpus-01-kinship-mini:bam.kinship:sample-set:king	bam	bam.kinship	king	corpus-01-kinship-mini	reference_fasta+reference_panel	bam.adapter.kinship	bam.parser.kinship	bam_kinship_normalized_v1	kinship_report,summary,stage_metrics	kinship_report,observed_max_overlap_snps,pair_count,pairwise_results,status	sample_identity	covered	active row `bam` / `bam.kinship` / `king` keeps governed expected-result coverage with result_id `bam:corpus-01-kinship-mini:bam.kinship:sample-set:king` in report section `sample_identity`
bam:corpus-01-bam-mini:bam.length_filter:sample-set:picard	bam	bam.length_filter	picard	corpus-01-bam-mini	corpus_only	bam.adapter.length_filter	bam.parser.length_filter	bam_length_filter_normalized_v1	gc_bias_report,gc_bias_plot,summary,stage_metrics,insert_size_report,insert_size_histogram,duplication_report,duplication_histogram,markdup_bam,markdup_bai,flagstat_before,flagstat_after,idxstats_before,idxstats_after,filtered_bam,filtered_bai,flagstat,idxstats,stats	filtered_bam,kept_reads,min_length_threshold,removed_reads,summary	alignment_refinement	covered	active row `bam` / `bam.length_filter` / `picard` keeps governed expected-result coverage with result_id `bam:corpus-01-bam-mini:bam.length_filter:sample-set:picard` in report section `alignment_refinement`
bam:corpus-01-bam-mini:bam.length_filter:sample-set:samtools	bam	bam.length_filter	samtools	corpus-01-bam-mini	corpus_only	bam.adapter.length_filter	bam.parser.length_filter	bam_length_filter_normalized_v1	validation_report,flagstat,stage_metrics,idxstats,stats,summary,filtered_bam,filtered_bai,flagstat_before,flagstat_after,idxstats_before,idxstats_after,markdup_bam,markdup_bai,duplication_report,duplication_histogram,coverage_summary,coverage_depth,endogenous_report	filtered_bam,kept_reads,min_length_threshold,removed_reads,summary	alignment_refinement	covered	active row `bam` / `bam.length_filter` / `samtools` keeps governed expected-result coverage with result_id `bam:corpus-01-bam-mini:bam.length_filter:sample-set:samtools` in report section `alignment_refinement`
bam:corpus-01-bam-mini:bam.mapping_summary:sample-set:picard	bam	bam.mapping_summary	picard	corpus-01-bam-mini	corpus_only	bam.adapter.mapping_summary	bam.parser.mapping_summary	bam_mapping_summary_normalized_v1	gc_bias_report,gc_bias_plot,summary,stage_metrics,insert_size_report,insert_size_histogram,duplication_report,duplication_histogram,markdup_bam,markdup_bai,flagstat_before,flagstat_after,idxstats_before,idxstats_after,filtered_bam,filtered_bai,flagstat,idxstats,stats	mapped_reads,mapping_fraction,secondary_reads,summary,supplementary_reads,unmapped_reads	alignment_intake	covered	active row `bam` / `bam.mapping_summary` / `picard` keeps governed expected-result coverage with result_id `bam:corpus-01-bam-mini:bam.mapping_summary:sample-set:picard` in report section `alignment_intake`
bam:corpus-01-bam-mini:bam.mapping_summary:sample-set:samtools	bam	bam.mapping_summary	samtools	corpus-01-bam-mini	corpus_only	bam.adapter.mapping_summary	bam.parser.mapping_summary	bam_mapping_summary_normalized_v1	validation_report,flagstat,stage_metrics,idxstats,stats,summary,filtered_bam,filtered_bai,flagstat_before,flagstat_after,idxstats_before,idxstats_after,markdup_bam,markdup_bai,duplication_report,duplication_histogram,coverage_summary,coverage_depth,endogenous_report	mapped_reads,mapping_fraction,secondary_reads,summary,supplementary_reads,unmapped_reads	alignment_intake	covered	active row `bam` / `bam.mapping_summary` / `samtools` keeps governed expected-result coverage with result_id `bam:corpus-01-bam-mini:bam.mapping_summary:sample-set:samtools` in report section `alignment_intake`
bam:corpus-01-bam-mini:bam.mapq_filter:sample-set:bamtools	bam	bam.mapq_filter	bamtools	corpus-01-bam-mini	corpus_only	bam.adapter.mapq_filter	bam.parser.mapq_filter	bam_mapq_filter_normalized_v1	validation_report,flagstat,stage_metrics,filtered_bam,filtered_bai,flagstat_before,flagstat_after,idxstats_before,idxstats_after,summary	filtered_bam,kept_reads,mapq_threshold,removed_reads,summary	alignment_refinement	covered	active row `bam` / `bam.mapq_filter` / `bamtools` keeps governed expected-result coverage with result_id `bam:corpus-01-bam-mini:bam.mapq_filter:sample-set:bamtools` in report section `alignment_refinement`
bam:corpus-01-bam-mini:bam.mapq_filter:sample-set:samtools	bam	bam.mapq_filter	samtools	corpus-01-bam-mini	corpus_only	bam.adapter.mapq_filter	bam.parser.mapq_filter	bam_mapq_filter_normalized_v1	validation_report,flagstat,stage_metrics,idxstats,stats,summary,filtered_bam,filtered_bai,flagstat_before,flagstat_after,idxstats_before,idxstats_after,markdup_bam,markdup_bai,duplication_report,duplication_histogram,coverage_summary,coverage_depth,endogenous_report	filtered_bam,kept_reads,mapq_threshold,removed_reads,summary	alignment_refinement	covered	active row `bam` / `bam.mapq_filter` / `samtools` keeps governed expected-result coverage with result_id `bam:corpus-01-bam-mini:bam.mapq_filter:sample-set:samtools` in report section `alignment_refinement`
bam:corpus-01-bam-mini:bam.markdup:sample-set:picard	bam	bam.markdup	picard	corpus-01-bam-mini	corpus_only	bam.adapter.markdup	bam.parser.markdup	bam_markdup_normalized_v1	gc_bias_report,gc_bias_plot,summary,stage_metrics,insert_size_report,insert_size_histogram,duplication_report,duplication_histogram,markdup_bam,markdup_bai,flagstat_before,flagstat_after,idxstats_before,idxstats_after,filtered_bam,filtered_bai,flagstat,idxstats,stats	duplicate_count,duplicate_fraction,duplicate_metrics,marked_bam,summary	library_complexity	covered	active row `bam` / `bam.markdup` / `picard` keeps governed expected-result coverage with result_id `bam:corpus-01-bam-mini:bam.markdup:sample-set:picard` in report section `library_complexity`
bam:corpus-01-bam-mini:bam.markdup:sample-set:samtools	bam	bam.markdup	samtools	corpus-01-bam-mini	corpus_only	bam.adapter.markdup	bam.parser.markdup	bam_markdup_normalized_v1	validation_report,flagstat,stage_metrics,idxstats,stats,summary,filtered_bam,filtered_bai,flagstat_before,flagstat_after,idxstats_before,idxstats_after,markdup_bam,markdup_bai,duplication_report,duplication_histogram,coverage_summary,coverage_depth,endogenous_report	duplicate_count,duplicate_fraction,duplicate_metrics,marked_bam,summary	library_complexity	covered	active row `bam` / `bam.markdup` / `samtools` keeps governed expected-result coverage with result_id `bam:corpus-01-bam-mini:bam.markdup:sample-set:samtools` in report section `library_complexity`
bam:corpus-01-bam-mini:bam.overlap_correction:sample-set:bamutil	bam	bam.overlap_correction	bamutil	corpus-01-bam-mini	corpus_only	bam.adapter.overlap_correction	bam.parser.overlap_correction	bam_overlap_correction_normalized_v1	overlap_corrected_bam,overlap_corrected_bai,flagstat_before,flagstat_after,idxstats_before,idxstats_after,summary,stage_metrics	summary	alignment_refinement	covered	active row `bam` / `bam.overlap_correction` / `bamutil` keeps governed expected-result coverage with result_id `bam:corpus-01-bam-mini:bam.overlap_correction:sample-set:bamutil` in report section `alignment_refinement`
bam:corpus-01-bam-mini:bam.qc_pre:sample-set:multiqc	bam	bam.qc_pre	multiqc	corpus-01-bam-mini	corpus_only	bam.adapter.qc_pre	bam.parser.qc_pre	bam_qc_pre_normalized_v1	report_json,multiqc_report,multiqc_data,governed_qc_inputs_manifest	contig_summary,duplicate_flagged_reads,mapped_reads,stage_metrics,total_reads,unmapped_reads	alignment_intake	covered	active row `bam` / `bam.qc_pre` / `multiqc` keeps governed expected-result coverage with result_id `bam:corpus-01-bam-mini:bam.qc_pre:sample-set:multiqc` in report section `alignment_intake`
bam:corpus-01-bam-mini:bam.qc_pre:sample-set:samtools	bam	bam.qc_pre	samtools	corpus-01-bam-mini	corpus_only	bam.adapter.qc_pre	bam.parser.qc_pre	bam_qc_pre_normalized_v1	validation_report,flagstat,stage_metrics,idxstats,stats,summary,filtered_bam,filtered_bai,flagstat_before,flagstat_after,idxstats_before,idxstats_after,markdup_bam,markdup_bai,duplication_report,duplication_histogram,coverage_summary,coverage_depth,endogenous_report	contig_summary,duplicate_flagged_reads,mapped_reads,stage_metrics,total_reads,unmapped_reads	alignment_intake	covered	active row `bam` / `bam.qc_pre` / `samtools` keeps governed expected-result coverage with result_id `bam:corpus-01-bam-mini:bam.qc_pre:sample-set:samtools` in report section `alignment_intake`
bam:corpus-01-bam-mini:bam.recalibration:sample-set:gatk	bam	bam.recalibration	gatk	corpus-01-bam-mini	known_sites+reference_fasta	bam.adapter.recalibration	bam.parser.recalibration	bam_recalibration_normalized_v1	recal_bam,recal_bai,recal_report,summary,stage_metrics	recal_report	downstream_readiness	covered	active row `bam` / `bam.recalibration` / `gatk` keeps governed expected-result coverage with result_id `bam:corpus-01-bam-mini:bam.recalibration:sample-set:gatk` in report section `downstream_readiness`
bam:corpus-01-adna-bam-mini:bam.sex:sample-set:angsd	bam	bam.sex	angsd	corpus-01-adna-bam-mini	reference_fasta	bam.adapter.sex	bam.parser.sex	bam_sex_normalized_v1	sex_report,kinship_report,genotyping_report,summary,stage_metrics,population_metrics	autosomal_coverage,call,confidence,sex_report,status,x_coverage,y_coverage	sample_identity	covered	active row `bam` / `bam.sex` / `angsd` keeps governed expected-result coverage with result_id `bam:corpus-01-adna-bam-mini:bam.sex:sample-set:angsd` in report section `sample_identity`
bam:corpus-01-adna-bam-mini:bam.sex:sample-set:rxy	bam	bam.sex	rxy	corpus-01-adna-bam-mini	reference_fasta	bam.adapter.sex	bam.parser.sex	bam_sex_normalized_v1	sex_report,summary,stage_metrics,sex_estimate	autosomal_coverage,call,confidence,sex_report,status,x_coverage,y_coverage	sample_identity	covered	active row `bam` / `bam.sex` / `rxy` keeps governed expected-result coverage with result_id `bam:corpus-01-adna-bam-mini:bam.sex:sample-set:rxy` in report section `sample_identity`
bam:corpus-01-adna-bam-mini:bam.sex:sample-set:yleaf	bam	bam.sex	yleaf	corpus-01-adna-bam-mini	reference_fasta	bam.adapter.sex	bam.parser.sex	bam_sex_normalized_v1	sex_report,haplogroups,summary,stage_metrics,haplogroup_report	autosomal_coverage,call,confidence,sex_report,status,x_coverage,y_coverage	sample_identity	covered	active row `bam` / `bam.sex` / `yleaf` keeps governed expected-result coverage with result_id `bam:corpus-01-adna-bam-mini:bam.sex:sample-set:yleaf` in report section `sample_identity`
bam:corpus-01-bam-mini:bam.validate:sample-set:bamtools	bam	bam.validate	bamtools	corpus-01-bam-mini	corpus_only	bam.adapter.validate	bam.parser.validate	bam_validate_normalized_v1	validation_report,flagstat,stage_metrics,filtered_bam,filtered_bai,flagstat_before,flagstat_after,idxstats_before,idxstats_after,summary	input_bam_identity,validation_errors,validation_report,validation_status,validation_warnings	alignment_intake	covered	active row `bam` / `bam.validate` / `bamtools` keeps governed expected-result coverage with result_id `bam:corpus-01-bam-mini:bam.validate:sample-set:bamtools` in report section `alignment_intake`
bam:corpus-01-bam-mini:bam.validate:sample-set:bedtools	bam	bam.validate	bedtools	corpus-01-bam-mini	corpus_only	bam.adapter.validate	bam.parser.validate	bam_validate_normalized_v1	validation_report,flagstat,stage_metrics,filtered_bam,filtered_bai,flagstat_before,flagstat_after,idxstats_before,idxstats_after,summary,coverage_summary,coverage_depth	input_bam_identity,validation_errors,validation_report,validation_status,validation_warnings	alignment_intake	covered	active row `bam` / `bam.validate` / `bedtools` keeps governed expected-result coverage with result_id `bam:corpus-01-bam-mini:bam.validate:sample-set:bedtools` in report section `alignment_intake`
bam:corpus-01-bam-mini:bam.validate:sample-set:samtools	bam	bam.validate	samtools	corpus-01-bam-mini	corpus_only	bam.adapter.validate	bam.parser.validate	bam_validate_normalized_v1	validation_report,flagstat,stage_metrics,idxstats,stats,summary,filtered_bam,filtered_bai,flagstat_before,flagstat_after,idxstats_before,idxstats_after,markdup_bam,markdup_bai,duplication_report,duplication_histogram,coverage_summary,coverage_depth,endogenous_report	input_bam_identity,validation_errors,validation_report,validation_status,validation_warnings	alignment_intake	covered	active row `bam` / `bam.validate` / `samtools` keeps governed expected-result coverage with result_id `bam:corpus-01-bam-mini:bam.validate:sample-set:samtools` in report section `alignment_intake`
fastq:corpus-03-amplicon-mini:fastq.cluster_otus:sample-set:vsearch	fastq	fastq.cluster_otus	vsearch	corpus-03-amplicon-mini	corpus_only	fastq.adapter.cluster_otus	fastq.parser.cluster_otus	fastq_cluster_otus_v1	merged_reads,unmerged_reads_r1,unmerged_reads_r2,report_json,raw_backend_report_txt,chimera_filtered_reads,chimera_metrics_json,chimeras_fasta,uchime_report_tsv,otu_table,otu_representatives,taxonomy_ready_fasta,taxonomy_ready_fastq	otu_count,report_json,representative_count	amplicon_interpretation	covered	active row `fastq` / `fastq.cluster_otus` / `vsearch` keeps governed expected-result coverage with result_id `fastq:corpus-03-amplicon-mini:fastq.cluster_otus:sample-set:vsearch` in report section `amplicon_interpretation`
fastq:corpus-01-mini:fastq.correct_errors:sample-set:bayeshammer	fastq	fastq.correct_errors	bayeshammer	corpus-01-mini	corpus_only	fastq.adapter.correct_errors	fastq.parser.correct_errors	fastq_correct_errors_v1	corrected_reads_r1,report_json,corrected_reads_r2	error_corrected_fraction,report_json	read_cleanup	covered	active row `fastq` / `fastq.correct_errors` / `bayeshammer` keeps governed expected-result coverage with result_id `fastq:corpus-01-mini:fastq.correct_errors:sample-set:bayeshammer` in report section `read_cleanup`
fastq:corpus-01-mini:fastq.correct_errors:sample-set:lighter	fastq	fastq.correct_errors	lighter	corpus-01-mini	corpus_only	fastq.adapter.correct_errors	fastq.parser.correct_errors	fastq_correct_errors_v1	corrected_reads_r1,report_json,corrected_reads_r2	error_corrected_fraction,report_json	read_cleanup	covered	active row `fastq` / `fastq.correct_errors` / `lighter` keeps governed expected-result coverage with result_id `fastq:corpus-01-mini:fastq.correct_errors:sample-set:lighter` in report section `read_cleanup`
fastq:corpus-01-mini:fastq.correct_errors:sample-set:musket	fastq	fastq.correct_errors	musket	corpus-01-mini	corpus_only	fastq.adapter.correct_errors	fastq.parser.correct_errors	fastq_correct_errors_v1	corrected_reads_r1,report_json,corrected_reads_r2	error_corrected_fraction,report_json	read_cleanup	covered	active row `fastq` / `fastq.correct_errors` / `musket` keeps governed expected-result coverage with result_id `fastq:corpus-01-mini:fastq.correct_errors:sample-set:musket` in report section `read_cleanup`
fastq:corpus-01-mini:fastq.correct_errors:sample-set:rcorrector	fastq	fastq.correct_errors	rcorrector	corpus-01-mini	corpus_only	fastq.adapter.correct_errors	fastq.parser.correct_errors	fastq_correct_errors_v1	corrected_reads_r1,report_json,corrected_reads_r2	error_corrected_fraction,report_json	read_cleanup	covered	active row `fastq` / `fastq.correct_errors` / `rcorrector` keeps governed expected-result coverage with result_id `fastq:corpus-01-mini:fastq.correct_errors:sample-set:rcorrector` in report section `read_cleanup`
fastq:corpus-01-mini:fastq.deplete_host:sample-set:bowtie2	fastq	fastq.deplete_host	bowtie2	corpus-01-mini	reference_catalog_id+reference_index_artifact_id	fastq.adapter.deplete_host	fastq.parser.deplete_host	fastq_deplete_host_v1	host_depleted_reads_r1,host_depleted_reads_r2,removed_host_reads_r1,removed_host_reads_r2,contaminant_screened_reads_r1,contaminant_screened_reads_r2,host_depletion_report_json,contaminant_screen_report_json	contamination_rate,host_depletion_report_json	contamination_screening	covered	active row `fastq` / `fastq.deplete_host` / `bowtie2` keeps governed expected-result coverage with result_id `fastq:corpus-01-mini:fastq.deplete_host:sample-set:bowtie2` in report section `contamination_screening`
fastq:corpus-01-mini:fastq.deplete_reference_contaminants:sample-set:bowtie2	fastq	fastq.deplete_reference_contaminants	bowtie2	corpus-01-mini	reference_catalog_id+reference_index_artifact_id	fastq.adapter.deplete_reference_contaminants	fastq.parser.deplete_reference_contaminants	fastq_deplete_reference_contaminants_v1	host_depleted_reads_r1,host_depleted_reads_r2,removed_host_reads_r1,removed_host_reads_r2,contaminant_screened_reads_r1,contaminant_screened_reads_r2,host_depletion_report_json,contaminant_screen_report_json	contaminant_screen_report_json,reads_removed_contaminant_kmer	contamination_screening	covered	active row `fastq` / `fastq.deplete_reference_contaminants` / `bowtie2` keeps governed expected-result coverage with result_id `fastq:corpus-01-mini:fastq.deplete_reference_contaminants:sample-set:bowtie2` in report section `contamination_screening`
fastq:corpus-01-mini:fastq.deplete_rrna:sample-set:sortmerna	fastq	fastq.deplete_rrna	sortmerna	corpus-01-mini	database_artifact_id+rrna_reference	fastq.adapter.deplete_rrna	fastq.parser.deplete_rrna	fastq_deplete_rrna_v2	rrna_filtered_reads_r1,rrna_filtered_reads_r2,rrna_removed_reads_r1,rrna_removed_reads_r2,rrna_report_tsv,rrna_report_json	rrna_removed_fraction,rrna_report_json	contamination_screening	covered	active row `fastq` / `fastq.deplete_rrna` / `sortmerna` keeps governed expected-result coverage with result_id `fastq:corpus-01-mini:fastq.deplete_rrna:sample-set:sortmerna` in report section `contamination_screening`
fastq:corpus-01-mini:fastq.detect_adapters:sample-set:fastqc	fastq	fastq.detect_adapters	fastqc	corpus-01-mini	corpus_only	fastq.adapter.detect_adapters	fastq.parser.detect_adapters	fastq_detect_adapters_v1	validation_report,validated_reads_manifest,adapter_report,adapter_evidence_dir,overrepresented_sequences_tsv,overrepresented_sequences_json,report_json	adapter_detection_rate,report_json	quality_profiling	covered	active row `fastq` / `fastq.detect_adapters` / `fastqc` keeps governed expected-result coverage with result_id `fastq:corpus-01-mini:fastq.detect_adapters:sample-set:fastqc` in report section `quality_profiling`
fastq:corpus-01-mini:fastq.detect_duplicates_premerge:sample-set:bijux_dna	fastq	fastq.detect_duplicates_premerge	bijux_dna	corpus-01-mini	corpus_only	fastq.adapter.detect_duplicates_premerge	fastq.parser.detect_duplicates_premerge	fastq_detect_duplicates_premerge_v1	duplicate_signal_report	duplicate_count,duplicate_fraction,duplicate_signal_report	quality_profiling	covered	active row `fastq` / `fastq.detect_duplicates_premerge` / `bijux_dna` keeps governed expected-result coverage with result_id `fastq:corpus-01-mini:fastq.detect_duplicates_premerge:sample-set:bijux_dna` in report section `quality_profiling`
fastq:corpus-01-mini:fastq.extract_umis:sample-set:umi_tools	fastq	fastq.extract_umis	umi_tools	corpus-01-mini	corpus_only	fastq.adapter.extract_umis	fastq.parser.extract_umis	fastq_extract_umis_v1	umi_reads_r1,umi_reads_r2,report_json	report_json,umi_dedup_fraction	read_cleanup	covered	active row `fastq` / `fastq.extract_umis` / `umi_tools` keeps governed expected-result coverage with result_id `fastq:corpus-01-mini:fastq.extract_umis:sample-set:umi_tools` in report section `read_cleanup`
fastq:corpus-01-mini:fastq.filter_low_complexity:sample-set:bbduk	fastq	fastq.filter_low_complexity	bbduk	corpus-01-mini	corpus_only	fastq.adapter.filter_low_complexity	fastq.parser.filter_low_complexity	fastq_low_complexity_v1	trimmed_reads_r1,trimmed_reads_r2,filtered_reads_r1,filtered_reads_r2,filtered_fastq_r1,filtered_fastq_r2,report_json,filter_report_json,raw_backend_report_txt	filter_report_json,reads_removed_low_complexity	read_cleanup	covered	active row `fastq` / `fastq.filter_low_complexity` / `bbduk` keeps governed expected-result coverage with result_id `fastq:corpus-01-mini:fastq.filter_low_complexity:sample-set:bbduk` in report section `read_cleanup`
fastq:corpus-01-mini:fastq.filter_low_complexity:sample-set:prinseq	fastq	fastq.filter_low_complexity	prinseq	corpus-01-mini	corpus_only	fastq.adapter.filter_low_complexity	fastq.parser.filter_low_complexity	fastq_low_complexity_v1	trimmed_reads_r1,trimmed_reads_r2,filtered_reads_r1,filtered_reads_r2,filtered_fastq_r1,filtered_fastq_r2,report_json,filter_report_json,length_distribution_tsv,length_distribution_json	filter_report_json,reads_removed_low_complexity	read_cleanup	covered	active row `fastq` / `fastq.filter_low_complexity` / `prinseq` keeps governed expected-result coverage with result_id `fastq:corpus-01-mini:fastq.filter_low_complexity:sample-set:prinseq` in report section `read_cleanup`
fastq:corpus-01-mini:fastq.filter_reads:sample-set:bbduk	fastq	fastq.filter_reads	bbduk	corpus-01-mini	corpus_only	fastq.adapter.filter_reads	fastq.parser.filter_reads	fastq_filter_reads_v2	trimmed_reads_r1,trimmed_reads_r2,filtered_reads_r1,filtered_reads_r2,filtered_fastq_r1,filtered_fastq_r2,report_json,filter_report_json,raw_backend_report_txt	reads_filtered_fraction,report_json	read_cleanup	covered	active row `fastq` / `fastq.filter_reads` / `bbduk` keeps governed expected-result coverage with result_id `fastq:corpus-01-mini:fastq.filter_reads:sample-set:bbduk` in report section `read_cleanup`
fastq:corpus-01-mini:fastq.filter_reads:sample-set:fastp	fastq	fastq.filter_reads	fastp	corpus-01-mini	corpus_only	fastq.adapter.filter_reads	fastq.parser.filter_reads	fastq_filter_reads_v2	filtered_reads_r1,report_json,filtered_reads_r2	reads_filtered_fraction,report_json	read_cleanup	covered	active row `fastq` / `fastq.filter_reads` / `fastp` keeps governed expected-result coverage with result_id `fastq:corpus-01-mini:fastq.filter_reads:sample-set:fastp` in report section `read_cleanup`
fastq:corpus-01-mini:fastq.filter_reads:sample-set:prinseq	fastq	fastq.filter_reads	prinseq	corpus-01-mini	corpus_only	fastq.adapter.filter_reads	fastq.parser.filter_reads	fastq_filter_reads_v2	trimmed_reads_r1,trimmed_reads_r2,filtered_reads_r1,filtered_reads_r2,filtered_fastq_r1,filtered_fastq_r2,report_json,filter_report_json,length_distribution_tsv,length_distribution_json	reads_filtered_fraction,report_json	read_cleanup	covered	active row `fastq` / `fastq.filter_reads` / `prinseq` keeps governed expected-result coverage with result_id `fastq:corpus-01-mini:fastq.filter_reads:sample-set:prinseq` in report section `read_cleanup`
fastq:corpus-01-mini:fastq.filter_reads:sample-set:seqkit	fastq	fastq.filter_reads	seqkit	corpus-01-mini	corpus_only	fastq.adapter.filter_reads	fastq.parser.filter_reads	fastq_filter_reads_v2	trimmed_reads_r1,trimmed_reads_r2,filtered_reads_r1,filtered_reads_r2,normalized_abundance_tsv,overrepresented_sequences_tsv,overrepresented_sequences_json,qc_json,qc_tsv,report_json	reads_filtered_fraction,report_json	read_cleanup	covered	active row `fastq` / `fastq.filter_reads` / `seqkit` keeps governed expected-result coverage with result_id `fastq:corpus-01-mini:fastq.filter_reads:sample-set:seqkit` in report section `read_cleanup`
fastq:corpus-03-amplicon-mini:fastq.infer_asvs:sample-set:dada2	fastq	fastq.infer_asvs	dada2	corpus-03-amplicon-mini	corpus_only	fastq.adapter.infer_asvs	fastq.parser.infer_asvs	fastq_infer_asvs_v1	asv_table_tsv,asv_sequences_fasta,taxonomy_ready_fasta,taxonomy_ready_fastq,report_json	asv_count,report_json,sample_count	amplicon_interpretation	covered	active row `fastq` / `fastq.infer_asvs` / `dada2` keeps governed expected-result coverage with result_id `fastq:corpus-03-amplicon-mini:fastq.infer_asvs:sample-set:dada2` in report section `amplicon_interpretation`
fastq:corpus-01-mini:fastq.merge_pairs:sample-set:adapterremoval	fastq	fastq.merge_pairs	adapterremoval	corpus-01-mini	corpus_only	fastq.adapter.merge_pairs	fastq.parser.merge_pairs	fastq_merge_pairs_v1	trimmed_reads_r1,trimmed_reads_r2,merged_reads,unmerged_reads_r1,unmerged_reads_r2,report_json,raw_backend_report_json,raw_backend_report_txt	merge_rate,report_json	read_cleanup	covered	active row `fastq` / `fastq.merge_pairs` / `adapterremoval` keeps governed expected-result coverage with result_id `fastq:corpus-01-mini:fastq.merge_pairs:sample-set:adapterremoval` in report section `read_cleanup`
fastq:corpus-01-mini:fastq.merge_pairs:sample-set:bbmerge	fastq	fastq.merge_pairs	bbmerge	corpus-01-mini	corpus_only	fastq.adapter.merge_pairs	fastq.parser.merge_pairs	fastq_merge_pairs_v1	merged_reads,unmerged_reads_r1,unmerged_reads_r2,report_json,raw_backend_report_txt	merge_rate,report_json	read_cleanup	covered	active row `fastq` / `fastq.merge_pairs` / `bbmerge` keeps governed expected-result coverage with result_id `fastq:corpus-01-mini:fastq.merge_pairs:sample-set:bbmerge` in report section `read_cleanup`
fastq:corpus-01-mini:fastq.merge_pairs:sample-set:flash2	fastq	fastq.merge_pairs	flash2	corpus-01-mini	corpus_only	fastq.adapter.merge_pairs	fastq.parser.merge_pairs	fastq_merge_pairs_v1	merged_reads,unmerged_reads_r1,unmerged_reads_r2,report_json,raw_backend_report_txt	merge_rate,report_json	read_cleanup	covered	active row `fastq` / `fastq.merge_pairs` / `flash2` keeps governed expected-result coverage with result_id `fastq:corpus-01-mini:fastq.merge_pairs:sample-set:flash2` in report section `read_cleanup`
fastq:corpus-01-mini:fastq.merge_pairs:sample-set:leehom	fastq	fastq.merge_pairs	leehom	corpus-01-mini	corpus_only	fastq.adapter.merge_pairs	fastq.parser.merge_pairs	fastq_merge_pairs_v1	trimmed_reads_r1,trimmed_reads_r2,merged_reads,unmerged_reads_r1,unmerged_reads_r2,report_json,raw_backend_report_txt	merge_rate,report_json	read_cleanup	covered	active row `fastq` / `fastq.merge_pairs` / `leehom` keeps governed expected-result coverage with result_id `fastq:corpus-01-mini:fastq.merge_pairs:sample-set:leehom` in report section `read_cleanup`
fastq:corpus-01-mini:fastq.merge_pairs:sample-set:pear	fastq	fastq.merge_pairs	pear	corpus-01-mini	corpus_only	fastq.adapter.merge_pairs	fastq.parser.merge_pairs	fastq_merge_pairs_v1	merged_reads,unmerged_reads_r1,unmerged_reads_r2,report_json,raw_backend_report_txt	merge_rate,report_json	read_cleanup	covered	active row `fastq` / `fastq.merge_pairs` / `pear` keeps governed expected-result coverage with result_id `fastq:corpus-01-mini:fastq.merge_pairs:sample-set:pear` in report section `read_cleanup`
fastq:corpus-01-mini:fastq.merge_pairs:sample-set:vsearch	fastq	fastq.merge_pairs	vsearch	corpus-01-mini	corpus_only	fastq.adapter.merge_pairs	fastq.parser.merge_pairs	fastq_merge_pairs_v1	merged_reads,unmerged_reads_r1,unmerged_reads_r2,report_json,raw_backend_report_txt,chimera_filtered_reads,chimera_metrics_json,chimeras_fasta,uchime_report_tsv,otu_table,otu_representatives,taxonomy_ready_fasta,taxonomy_ready_fastq	merge_rate,report_json	read_cleanup	covered	active row `fastq` / `fastq.merge_pairs` / `vsearch` keeps governed expected-result coverage with result_id `fastq:corpus-01-mini:fastq.merge_pairs:sample-set:vsearch` in report section `read_cleanup`
fastq:corpus-03-amplicon-mini:fastq.normalize_abundance:sample-set:seqkit	fastq	fastq.normalize_abundance	seqkit	corpus-03-amplicon-mini	corpus_only	fastq.adapter.normalize_abundance	fastq.parser.normalize_abundance	fastq_normalize_abundance_v1	trimmed_reads_r1,trimmed_reads_r2,filtered_reads_r1,filtered_reads_r2,normalized_abundance_tsv,overrepresented_sequences_tsv,overrepresented_sequences_json,qc_json,qc_tsv,report_json	report_json,table_rows,zero_fraction	amplicon_interpretation	covered	active row `fastq` / `fastq.normalize_abundance` / `seqkit` keeps governed expected-result coverage with result_id `fastq:corpus-03-amplicon-mini:fastq.normalize_abundance:sample-set:seqkit` in report section `amplicon_interpretation`
fastq:corpus-03-amplicon-mini:fastq.normalize_primers:sample-set:cutadapt	fastq	fastq.normalize_primers	cutadapt	corpus-03-amplicon-mini	corpus_only	fastq.adapter.normalize_primers	fastq.parser.normalize_primers	fastq_normalize_primers_v1	trimmed_reads_r1,trimmed_reads_r2,normalized_reads_r1,normalized_reads_r2,report_json,raw_backend_report_json,primer_orientation_report,primer_stats_json	orientation_forward_fraction,primer_trimmed_fraction,report_json	amplicon_interpretation	covered	active row `fastq` / `fastq.normalize_primers` / `cutadapt` keeps governed expected-result coverage with result_id `fastq:corpus-03-amplicon-mini:fastq.normalize_primers:sample-set:cutadapt` in report section `amplicon_interpretation`
fastq:corpus-01-mini:fastq.profile_read_lengths:sample-set:fastp	fastq	fastq.profile_read_lengths	fastp	corpus-01-mini	corpus_only	fastq.adapter.profile_read_lengths	fastq.parser.profile_read_lengths	fastq_profile_read_lengths_v1	report_json,length_distribution_tsv,length_distribution_json	mean_read_length,report_json	quality_profiling	covered	active row `fastq` / `fastq.profile_read_lengths` / `fastp` keeps governed expected-result coverage with result_id `fastq:corpus-01-mini:fastq.profile_read_lengths:sample-set:fastp` in report section `quality_profiling`
fastq:corpus-01-mini:fastq.profile_read_lengths:sample-set:prinseq	fastq	fastq.profile_read_lengths	prinseq	corpus-01-mini	corpus_only	fastq.adapter.profile_read_lengths	fastq.parser.profile_read_lengths	fastq_profile_read_lengths_v1	trimmed_reads_r1,trimmed_reads_r2,filtered_reads_r1,filtered_reads_r2,filtered_fastq_r1,filtered_fastq_r2,report_json,filter_report_json,length_distribution_tsv,length_distribution_json	mean_read_length,report_json	quality_profiling	covered	active row `fastq` / `fastq.profile_read_lengths` / `prinseq` keeps governed expected-result coverage with result_id `fastq:corpus-01-mini:fastq.profile_read_lengths:sample-set:prinseq` in report section `quality_profiling`
fastq:corpus-01-mini:fastq.profile_read_lengths:sample-set:seqfu	fastq	fastq.profile_read_lengths	seqfu	corpus-01-mini	corpus_only	fastq.adapter.profile_read_lengths	fastq.parser.profile_read_lengths	fastq_profile_read_lengths_v1	report_json,length_distribution_tsv,length_distribution_json,normalized_abundance_tsv,qc_json,qc_tsv	mean_read_length,report_json	quality_profiling	covered	active row `fastq` / `fastq.profile_read_lengths` / `seqfu` keeps governed expected-result coverage with result_id `fastq:corpus-01-mini:fastq.profile_read_lengths:sample-set:seqfu` in report section `quality_profiling`
fastq:corpus-01-mini:fastq.profile_read_lengths:sample-set:seqkit_stats	fastq	fastq.profile_read_lengths	seqkit_stats	corpus-01-mini	corpus_only	fastq.adapter.profile_read_lengths	fastq.parser.profile_read_lengths	fastq_profile_read_lengths_v1	qc_json,qc_tsv,qc_plots_dir,report_json,length_distribution_tsv,length_distribution_json	mean_read_length,report_json	quality_profiling	covered	active row `fastq` / `fastq.profile_read_lengths` / `seqkit_stats` keeps governed expected-result coverage with result_id `fastq:corpus-01-mini:fastq.profile_read_lengths:sample-set:seqkit_stats` in report section `quality_profiling`
fastq:corpus-01-mini:fastq.profile_reads:sample-set:seqfu	fastq	fastq.profile_reads	seqfu	corpus-01-mini	corpus_only	fastq.adapter.profile_reads	fastq.parser.profile_reads	fastq_profile_reads_v1	report_json,length_distribution_tsv,length_distribution_json,normalized_abundance_tsv,qc_json,qc_tsv	q30_fraction,qc_json,read_count	quality_profiling	covered	active row `fastq` / `fastq.profile_reads` / `seqfu` keeps governed expected-result coverage with result_id `fastq:corpus-01-mini:fastq.profile_reads:sample-set:seqfu` in report section `quality_profiling`
fastq:corpus-01-mini:fastq.profile_reads:sample-set:seqkit	fastq	fastq.profile_reads	seqkit	corpus-01-mini	corpus_only	fastq.adapter.profile_reads	fastq.parser.profile_reads	fastq_profile_reads_v1	trimmed_reads_r1,trimmed_reads_r2,filtered_reads_r1,filtered_reads_r2,normalized_abundance_tsv,overrepresented_sequences_tsv,overrepresented_sequences_json,qc_json,qc_tsv,report_json	q30_fraction,qc_json,read_count	quality_profiling	covered	active row `fastq` / `fastq.profile_reads` / `seqkit` keeps governed expected-result coverage with result_id `fastq:corpus-01-mini:fastq.profile_reads:sample-set:seqkit` in report section `quality_profiling`
fastq:corpus-01-mini:fastq.profile_reads:sample-set:seqkit_stats	fastq	fastq.profile_reads	seqkit_stats	corpus-01-mini	corpus_only	fastq.adapter.profile_reads	fastq.parser.profile_reads	fastq_profile_reads_v1	qc_json,qc_tsv,qc_plots_dir,report_json,length_distribution_tsv,length_distribution_json	q30_fraction,qc_json,read_count	quality_profiling	covered	active row `fastq` / `fastq.profile_reads` / `seqkit_stats` keeps governed expected-result coverage with result_id `fastq:corpus-01-mini:fastq.profile_reads:sample-set:seqkit_stats` in report section `quality_profiling`
fastq:corpus-03-amplicon-mini:fastq.remove_chimeras:sample-set:vsearch	fastq	fastq.remove_chimeras	vsearch	corpus-03-amplicon-mini	corpus_only	fastq.adapter.remove_chimeras	fastq.parser.remove_chimeras	fastq_remove_chimeras_v1	merged_reads,unmerged_reads_r1,unmerged_reads_r2,report_json,raw_backend_report_txt,chimera_filtered_reads,chimera_metrics_json,chimeras_fasta,uchime_report_tsv,otu_table,otu_representatives,taxonomy_ready_fasta,taxonomy_ready_fastq	chimera_fraction,chimeras_removed,report_json	amplicon_interpretation	covered	active row `fastq` / `fastq.remove_chimeras` / `vsearch` keeps governed expected-result coverage with result_id `fastq:corpus-03-amplicon-mini:fastq.remove_chimeras:sample-set:vsearch` in report section `amplicon_interpretation`
fastq:corpus-01-mini:fastq.remove_duplicates:sample-set:clumpify	fastq	fastq.remove_duplicates	clumpify	corpus-01-mini	corpus_only	fastq.adapter.remove_duplicates	fastq.parser.remove_duplicates	fastq_deduplicate_v1	dedup_reads_r1,duplicate_classes_tsv,duplicate_provenance_json,report_json,dedup_reads_r2	dedup_rate,report_json	read_cleanup	covered	active row `fastq` / `fastq.remove_duplicates` / `clumpify` keeps governed expected-result coverage with result_id `fastq:corpus-01-mini:fastq.remove_duplicates:sample-set:clumpify` in report section `read_cleanup`
fastq:corpus-01-mini:fastq.remove_duplicates:sample-set:fastuniq	fastq	fastq.remove_duplicates	fastuniq	corpus-01-mini	corpus_only	fastq.adapter.remove_duplicates	fastq.parser.remove_duplicates	fastq_deduplicate_v1	dedup_reads_r1,dedup_reads_r2,duplicate_classes_tsv,duplicate_provenance_json,report_json	dedup_rate,report_json	read_cleanup	covered	active row `fastq` / `fastq.remove_duplicates` / `fastuniq` keeps governed expected-result coverage with result_id `fastq:corpus-01-mini:fastq.remove_duplicates:sample-set:fastuniq` in report section `read_cleanup`
fastq:corpus-02-edna-mini:fastq.screen_taxonomy:sample-set:centrifuge	fastq	fastq.screen_taxonomy	centrifuge	corpus-02-edna-mini	database_artifact_id+taxonomy_database_root	fastq.adapter.screen_taxonomy	fastq.parser.screen_taxonomy	fastq_screen_taxonomy_v1	classification_report_json,screen_report_tsv	classification_report_json,classified_read_fraction	contamination_screening	covered	active row `fastq` / `fastq.screen_taxonomy` / `centrifuge` keeps governed expected-result coverage with result_id `fastq:corpus-02-edna-mini:fastq.screen_taxonomy:sample-set:centrifuge` in report section `contamination_screening`
fastq:corpus-02-edna-mini:fastq.screen_taxonomy:sample-set:kaiju	fastq	fastq.screen_taxonomy	kaiju	corpus-02-edna-mini	database_artifact_id+taxonomy_database_root	fastq.adapter.screen_taxonomy	fastq.parser.screen_taxonomy	fastq_screen_taxonomy_v1	classification_report_json,screen_report_tsv	classification_report_json,classified_read_fraction	contamination_screening	covered	active row `fastq` / `fastq.screen_taxonomy` / `kaiju` keeps governed expected-result coverage with result_id `fastq:corpus-02-edna-mini:fastq.screen_taxonomy:sample-set:kaiju` in report section `contamination_screening`
fastq:corpus-02-edna-mini:fastq.screen_taxonomy:sample-set:kraken2	fastq	fastq.screen_taxonomy	kraken2	corpus-02-edna-mini	database_artifact_id+taxonomy_database_root	fastq.adapter.screen_taxonomy	fastq.parser.screen_taxonomy	fastq_screen_taxonomy_v1	classification_report_json,screen_report_tsv,unclassified_reads_r1,unclassified_reads_r2	classification_report_json,classified_read_fraction	contamination_screening	covered	active row `fastq` / `fastq.screen_taxonomy` / `kraken2` keeps governed expected-result coverage with result_id `fastq:corpus-02-edna-mini:fastq.screen_taxonomy:sample-set:kraken2` in report section `contamination_screening`
fastq:corpus-02-edna-mini:fastq.screen_taxonomy:sample-set:krakenuniq	fastq	fastq.screen_taxonomy	krakenuniq	corpus-02-edna-mini	database_artifact_id+taxonomy_database_root	fastq.adapter.screen_taxonomy	fastq.parser.screen_taxonomy	fastq_screen_taxonomy_v1	screen_report_tsv,classification_report_json	classification_report_json,classified_read_fraction	contamination_screening	covered	active row `fastq` / `fastq.screen_taxonomy` / `krakenuniq` keeps governed expected-result coverage with result_id `fastq:corpus-02-edna-mini:fastq.screen_taxonomy:sample-set:krakenuniq` in report section `contamination_screening`
fastq:corpus-01-mini:fastq.trim_polyg_tails:sample-set:bbduk	fastq	fastq.trim_polyg_tails	bbduk	corpus-01-mini	corpus_only	fastq.adapter.trim_polyg_tails	fastq.parser.trim_polyg_tails	fastq_trim_polyg_tails_v1	trimmed_reads_r1,trimmed_reads_r2,filtered_reads_r1,filtered_reads_r2,filtered_fastq_r1,filtered_fastq_r2,report_json,filter_report_json,raw_backend_report_txt	report_json,trimmed_read_fraction	read_cleanup	covered	active row `fastq` / `fastq.trim_polyg_tails` / `bbduk` keeps governed expected-result coverage with result_id `fastq:corpus-01-mini:fastq.trim_polyg_tails:sample-set:bbduk` in report section `read_cleanup`
fastq:corpus-01-mini:fastq.trim_polyg_tails:sample-set:fastp	fastq	fastq.trim_polyg_tails	fastp	corpus-01-mini	corpus_only	fastq.adapter.trim_polyg_tails	fastq.parser.trim_polyg_tails	fastq_trim_polyg_tails_v1	trimmed_reads_r1,report_json,raw_backend_report_json,trimmed_reads_r2	report_json,trimmed_read_fraction	read_cleanup	covered	active row `fastq` / `fastq.trim_polyg_tails` / `fastp` keeps governed expected-result coverage with result_id `fastq:corpus-01-mini:fastq.trim_polyg_tails:sample-set:fastp` in report section `read_cleanup`
fastq:corpus-01-mini:fastq.trim_reads:sample-set:adapterremoval	fastq	fastq.trim_reads	adapterremoval	corpus-01-mini	corpus_only	fastq.adapter.trim_reads	fastq.parser.trim_reads	fastq_trim_reads_v2	trimmed_reads_r1,trimmed_reads_r2,merged_reads,unmerged_reads_r1,unmerged_reads_r2,report_json,raw_backend_report_json,raw_backend_report_txt	post_trim_read_length_mean,report_json,trimmed_read_fraction	read_cleanup	covered	active row `fastq` / `fastq.trim_reads` / `adapterremoval` keeps governed expected-result coverage with result_id `fastq:corpus-01-mini:fastq.trim_reads:sample-set:adapterremoval` in report section `read_cleanup`
fastq:corpus-01-mini:fastq.trim_reads:sample-set:alientrimmer	fastq	fastq.trim_reads	alientrimmer	corpus-01-mini	corpus_only	fastq.adapter.trim_reads	fastq.parser.trim_reads	fastq_trim_reads_v2	trimmed_reads_r1,trimmed_reads_r2,report_json	post_trim_read_length_mean,report_json,trimmed_read_fraction	read_cleanup	covered	active row `fastq` / `fastq.trim_reads` / `alientrimmer` keeps governed expected-result coverage with result_id `fastq:corpus-01-mini:fastq.trim_reads:sample-set:alientrimmer` in report section `read_cleanup`
fastq:corpus-01-mini:fastq.trim_reads:sample-set:atropos	fastq	fastq.trim_reads	atropos	corpus-01-mini	corpus_only	fastq.adapter.trim_reads	fastq.parser.trim_reads	fastq_trim_reads_v2	trimmed_reads_r1,trimmed_reads_r2,report_json	post_trim_read_length_mean,report_json,trimmed_read_fraction	read_cleanup	covered	active row `fastq` / `fastq.trim_reads` / `atropos` keeps governed expected-result coverage with result_id `fastq:corpus-01-mini:fastq.trim_reads:sample-set:atropos` in report section `read_cleanup`
fastq:corpus-01-mini:fastq.trim_reads:sample-set:bbduk	fastq	fastq.trim_reads	bbduk	corpus-01-mini	corpus_only	fastq.adapter.trim_reads	fastq.parser.trim_reads	fastq_trim_reads_v2	trimmed_reads_r1,trimmed_reads_r2,filtered_reads_r1,filtered_reads_r2,filtered_fastq_r1,filtered_fastq_r2,report_json,filter_report_json,raw_backend_report_txt	post_trim_read_length_mean,report_json,trimmed_read_fraction	read_cleanup	covered	active row `fastq` / `fastq.trim_reads` / `bbduk` keeps governed expected-result coverage with result_id `fastq:corpus-01-mini:fastq.trim_reads:sample-set:bbduk` in report section `read_cleanup`
fastq:corpus-01-mini:fastq.trim_reads:sample-set:cutadapt	fastq	fastq.trim_reads	cutadapt	corpus-01-mini	corpus_only	fastq.adapter.trim_reads	fastq.parser.trim_reads	fastq_trim_reads_v2	trimmed_reads_r1,trimmed_reads_r2,normalized_reads_r1,normalized_reads_r2,report_json,raw_backend_report_json,primer_orientation_report,primer_stats_json	post_trim_read_length_mean,report_json,trimmed_read_fraction	read_cleanup	covered	active row `fastq` / `fastq.trim_reads` / `cutadapt` keeps governed expected-result coverage with result_id `fastq:corpus-01-mini:fastq.trim_reads:sample-set:cutadapt` in report section `read_cleanup`
fastq:corpus-01-mini:fastq.trim_reads:sample-set:fastp	fastq	fastq.trim_reads	fastp	corpus-01-mini	corpus_only	fastq.adapter.trim_reads	fastq.parser.trim_reads	fastq_trim_reads_v2	trimmed_reads_r1,report_json,raw_backend_report_json,trimmed_reads_r2	post_trim_read_length_mean,report_json,trimmed_read_fraction	read_cleanup	covered	active row `fastq` / `fastq.trim_reads` / `fastp` keeps governed expected-result coverage with result_id `fastq:corpus-01-mini:fastq.trim_reads:sample-set:fastp` in report section `read_cleanup`
fastq:corpus-01-mini:fastq.trim_reads:sample-set:fastx_clipper	fastq	fastq.trim_reads	fastx_clipper	corpus-01-mini	corpus_only	fastq.adapter.trim_reads	fastq.parser.trim_reads	fastq_trim_reads_v2	trimmed_reads_r1,trimmed_reads_r2,report_json	post_trim_read_length_mean,report_json,trimmed_read_fraction	read_cleanup	covered	active row `fastq` / `fastq.trim_reads` / `fastx_clipper` keeps governed expected-result coverage with result_id `fastq:corpus-01-mini:fastq.trim_reads:sample-set:fastx_clipper` in report section `read_cleanup`
fastq:corpus-01-mini:fastq.trim_reads:sample-set:leehom	fastq	fastq.trim_reads	leehom	corpus-01-mini	corpus_only	fastq.adapter.trim_reads	fastq.parser.trim_reads	fastq_trim_reads_v2	trimmed_reads_r1,trimmed_reads_r2,merged_reads,unmerged_reads_r1,unmerged_reads_r2,report_json,raw_backend_report_txt	post_trim_read_length_mean,report_json,trimmed_read_fraction	read_cleanup	covered	active row `fastq` / `fastq.trim_reads` / `leehom` keeps governed expected-result coverage with result_id `fastq:corpus-01-mini:fastq.trim_reads:sample-set:leehom` in report section `read_cleanup`
fastq:corpus-01-mini:fastq.trim_reads:sample-set:prinseq	fastq	fastq.trim_reads	prinseq	corpus-01-mini	corpus_only	fastq.adapter.trim_reads	fastq.parser.trim_reads	fastq_trim_reads_v2	trimmed_reads_r1,trimmed_reads_r2,filtered_reads_r1,filtered_reads_r2,filtered_fastq_r1,filtered_fastq_r2,report_json,filter_report_json,length_distribution_tsv,length_distribution_json	post_trim_read_length_mean,report_json,trimmed_read_fraction	read_cleanup	covered	active row `fastq` / `fastq.trim_reads` / `prinseq` keeps governed expected-result coverage with result_id `fastq:corpus-01-mini:fastq.trim_reads:sample-set:prinseq` in report section `read_cleanup`
fastq:corpus-01-mini:fastq.trim_reads:sample-set:seqkit	fastq	fastq.trim_reads	seqkit	corpus-01-mini	corpus_only	fastq.adapter.trim_reads	fastq.parser.trim_reads	fastq_trim_reads_v2	trimmed_reads_r1,trimmed_reads_r2,filtered_reads_r1,filtered_reads_r2,normalized_abundance_tsv,overrepresented_sequences_tsv,overrepresented_sequences_json,qc_json,qc_tsv,report_json	post_trim_read_length_mean,report_json,trimmed_read_fraction	read_cleanup	covered	active row `fastq` / `fastq.trim_reads` / `seqkit` keeps governed expected-result coverage with result_id `fastq:corpus-01-mini:fastq.trim_reads:sample-set:seqkit` in report section `read_cleanup`
fastq:corpus-01-mini:fastq.trim_reads:sample-set:skewer	fastq	fastq.trim_reads	skewer	corpus-01-mini	corpus_only	fastq.adapter.trim_reads	fastq.parser.trim_reads	fastq_trim_reads_v2	trimmed_reads_r1,trimmed_reads_r2,report_json	post_trim_read_length_mean,report_json,trimmed_read_fraction	read_cleanup	covered	active row `fastq` / `fastq.trim_reads` / `skewer` keeps governed expected-result coverage with result_id `fastq:corpus-01-mini:fastq.trim_reads:sample-set:skewer` in report section `read_cleanup`
fastq:corpus-01-mini:fastq.trim_reads:sample-set:trim_galore	fastq	fastq.trim_reads	trim_galore	corpus-01-mini	corpus_only	fastq.adapter.trim_reads	fastq.parser.trim_reads	fastq_trim_reads_v2	trimmed_reads_r1,report_json,trimmed_reads_r2	post_trim_read_length_mean,report_json,trimmed_read_fraction	read_cleanup	covered	active row `fastq` / `fastq.trim_reads` / `trim_galore` keeps governed expected-result coverage with result_id `fastq:corpus-01-mini:fastq.trim_reads:sample-set:trim_galore` in report section `read_cleanup`
fastq:corpus-01-mini:fastq.trim_reads:sample-set:trimmomatic	fastq	fastq.trim_reads	trimmomatic	corpus-01-mini	corpus_only	fastq.adapter.trim_reads	fastq.parser.trim_reads	fastq_trim_reads_v2	trimmed_reads_r1,trimmed_reads_r2,report_json	post_trim_read_length_mean,report_json,trimmed_read_fraction	read_cleanup	covered	active row `fastq` / `fastq.trim_reads` / `trimmomatic` keeps governed expected-result coverage with result_id `fastq:corpus-01-mini:fastq.trim_reads:sample-set:trimmomatic` in report section `read_cleanup`
fastq:corpus-01-mini:fastq.trim_terminal_damage:sample-set:adapterremoval	fastq	fastq.trim_terminal_damage	adapterremoval	corpus-01-mini	corpus_only	fastq.adapter.trim_terminal_damage	fastq.parser.trim_terminal_damage	fastq_trim_terminal_damage_v2	trimmed_reads_r1,trimmed_reads_r2,merged_reads,unmerged_reads_r1,unmerged_reads_r2,report_json,raw_backend_report_json,raw_backend_report_txt	reads_in,reads_out,report_json	read_cleanup	covered	active row `fastq` / `fastq.trim_terminal_damage` / `adapterremoval` keeps governed expected-result coverage with result_id `fastq:corpus-01-mini:fastq.trim_terminal_damage:sample-set:adapterremoval` in report section `read_cleanup`
fastq:corpus-01-mini:fastq.trim_terminal_damage:sample-set:cutadapt	fastq	fastq.trim_terminal_damage	cutadapt	corpus-01-mini	corpus_only	fastq.adapter.trim_terminal_damage	fastq.parser.trim_terminal_damage	fastq_trim_terminal_damage_v2	trimmed_reads_r1,trimmed_reads_r2,normalized_reads_r1,normalized_reads_r2,report_json,raw_backend_report_json,primer_orientation_report,primer_stats_json	reads_in,reads_out,report_json	read_cleanup	covered	active row `fastq` / `fastq.trim_terminal_damage` / `cutadapt` keeps governed expected-result coverage with result_id `fastq:corpus-01-mini:fastq.trim_terminal_damage:sample-set:cutadapt` in report section `read_cleanup`
fastq:corpus-01-mini:fastq.trim_terminal_damage:sample-set:seqkit	fastq	fastq.trim_terminal_damage	seqkit	corpus-01-mini	corpus_only	fastq.adapter.trim_terminal_damage	fastq.parser.trim_terminal_damage	fastq_trim_terminal_damage_v2	trimmed_reads_r1,trimmed_reads_r2,filtered_reads_r1,filtered_reads_r2,normalized_abundance_tsv,overrepresented_sequences_tsv,overrepresented_sequences_json,qc_json,qc_tsv,report_json	reads_in,reads_out,report_json	read_cleanup	covered	active row `fastq` / `fastq.trim_terminal_damage` / `seqkit` keeps governed expected-result coverage with result_id `fastq:corpus-01-mini:fastq.trim_terminal_damage:sample-set:seqkit` in report section `read_cleanup`
fastq:corpus-01-mini:fastq.validate_reads:sample-set:fastq_scan	fastq	fastq.validate_reads	fastq_scan	corpus-01-mini	corpus_only	fastq.adapter.validate_reads	fastq.parser.validate_reads	fastq_validate_reads_v1	validation_report,validated_reads_manifest,overrepresented_sequences_tsv,overrepresented_sequences_json,report_json	format_validation_pass_rate,validation_report	input_readiness	covered	active row `fastq` / `fastq.validate_reads` / `fastq_scan` keeps governed expected-result coverage with result_id `fastq:corpus-01-mini:fastq.validate_reads:sample-set:fastq_scan` in report section `input_readiness`
fastq:corpus-01-mini:fastq.validate_reads:sample-set:fastqc	fastq	fastq.validate_reads	fastqc	corpus-01-mini	corpus_only	fastq.adapter.validate_reads	fastq.parser.validate_reads	fastq_validate_reads_v1	validation_report,validated_reads_manifest,adapter_report,adapter_evidence_dir,overrepresented_sequences_tsv,overrepresented_sequences_json,report_json	format_validation_pass_rate,validation_report	input_readiness	covered	active row `fastq` / `fastq.validate_reads` / `fastqc` keeps governed expected-result coverage with result_id `fastq:corpus-01-mini:fastq.validate_reads:sample-set:fastqc` in report section `input_readiness`
fastq:corpus-01-mini:fastq.validate_reads:sample-set:fastqvalidator	fastq	fastq.validate_reads	fastqvalidator	corpus-01-mini	corpus_only	fastq.adapter.validate_reads	fastq.parser.validate_reads	fastq_validate_reads_v1	validation_report,validated_reads_manifest	format_validation_pass_rate,validation_report	input_readiness	covered	active row `fastq` / `fastq.validate_reads` / `fastqvalidator` keeps governed expected-result coverage with result_id `fastq:corpus-01-mini:fastq.validate_reads:sample-set:fastqvalidator` in report section `input_readiness`
fastq:corpus-01-mini:fastq.validate_reads:sample-set:fqtools	fastq	fastq.validate_reads	fqtools	corpus-01-mini	corpus_only	fastq.adapter.validate_reads	fastq.parser.validate_reads	fastq_validate_reads_v1	validation_report,validated_reads_manifest	format_validation_pass_rate,validation_report	input_readiness	covered	active row `fastq` / `fastq.validate_reads` / `fqtools` keeps governed expected-result coverage with result_id `fastq:corpus-01-mini:fastq.validate_reads:sample-set:fqtools` in report section `input_readiness`
fastq:corpus-01-mini:fastq.validate_reads:sample-set:seqtk	fastq	fastq.validate_reads	seqtk	corpus-01-mini	corpus_only	fastq.adapter.validate_reads	fastq.parser.validate_reads	fastq_validate_reads_v1	validation_report,validated_reads_manifest	format_validation_pass_rate,validation_report	input_readiness	covered	active row `fastq` / `fastq.validate_reads` / `seqtk` keeps governed expected-result coverage with result_id `fastq:corpus-01-mini:fastq.validate_reads:sample-set:seqtk` in report section `input_readiness`
vcf:vcf_production_regression:vcf.call:bam_bundle:bcftools	vcf	vcf.call	bcftools	vcf_production_regression	bam_bundle	vcf.adapter.calling	vcf.parser.call_summary	bijux.schemas.bench.vcf-normalized-metrics.call.v1	called_vcf	variant_count,snp_count,indel_count,sample_count	variant_calling	covered	active row `vcf` / `vcf.call` / `bcftools` keeps governed expected-result coverage with result_id `vcf:vcf_production_regression:vcf.call:bam_bundle:bcftools` in report section `variant_calling`
vcf:vcf_production_regression:vcf.call_diploid:bam_bundle:bcftools	vcf	vcf.call_diploid	bcftools	vcf_production_regression	bam_bundle	vcf.adapter.calling	vcf.parser.call_summary	bijux.schemas.bench.vcf-normalized-metrics.call-diploid.v1	diploid_vcf	ploidy,called_genotypes,heterozygous_count,homozygous_ref_count,homozygous_alt_count,missing_count,sample_count	variant_calling	covered	active row `vcf` / `vcf.call_diploid` / `bcftools` keeps governed expected-result coverage with result_id `vcf:vcf_production_regression:vcf.call_diploid:bam_bundle:bcftools` in report section `variant_calling`
vcf:vcf_production_regression:vcf.call_gl:bam_bundle:bcftools	vcf	vcf.call_gl	bcftools	vcf_production_regression	bam_bundle	vcf.adapter.calling	vcf.parser.call_summary	bijux.schemas.bench.vcf-normalized-metrics.call-gl.v1	gl_sites_vcf	likelihood_field,sites_with_likelihoods,samples_with_likelihoods,missing_likelihoods,sample_count	variant_calling	covered	active row `vcf` / `vcf.call_gl` / `bcftools` keeps governed expected-result coverage with result_id `vcf:vcf_production_regression:vcf.call_gl:bam_bundle:bcftools` in report section `variant_calling`
vcf:vcf_production_regression:vcf.call_pseudohaploid:bam_bundle:bcftools	vcf	vcf.call_pseudohaploid	bcftools	vcf_production_regression	bam_bundle	vcf.adapter.calling	vcf.parser.call_summary	bijux.schemas.bench.vcf-normalized-metrics.call-pseudohaploid.v1	pseudohaploid_vcf	target_sites,covered_sites,called_sites,missing_sites,sampling_policy,random_seed,sample_count	variant_calling	covered	active row `vcf` / `vcf.call_pseudohaploid` / `bcftools` keeps governed expected-result coverage with result_id `vcf:vcf_production_regression:vcf.call_pseudohaploid:bam_bundle:bcftools` in report section `variant_calling`
vcf:vcf_production_regression:vcf.damage_filter:vcf_single_sample:bcftools	vcf	vcf.damage_filter	bcftools	vcf_production_regression	vcf_single_sample	vcf.adapter.transform	vcf.parser.vcf_output	bijux.schemas.bench.vcf-normalized-metrics.damage-filter.v1	damage_filtered_vcf	input_variants,removed_variants,retained_variants,low_quality_filtered_variants,damage_ratio_filtered_variants,terminal_damage_filtered_variants,damage_context_rule,terminal_context_count,sample_count	damage_aware_filtering	covered	active row `vcf` / `vcf.damage_filter` / `bcftools` keeps governed expected-result coverage with result_id `vcf:vcf_production_regression:vcf.damage_filter:vcf_single_sample:bcftools` in report section `damage_aware_filtering`
vcf:vcf_production_regression:vcf.filter:vcf_single_sample:bcftools	vcf	vcf.filter	bcftools	vcf_production_regression	vcf_single_sample	vcf.adapter.transform	vcf.parser.vcf_output	bijux.schemas.bench.vcf-normalized-metrics.filter.v1	filtered_vcf	input_variants,pass_variants,failed_variants,filter_ids,depth_threshold,quality_threshold,missingness_threshold,sample_count	quality_control	covered	active row `vcf` / `vcf.filter` / `bcftools` keeps governed expected-result coverage with result_id `vcf:vcf_production_regression:vcf.filter:vcf_single_sample:bcftools` in report section `quality_control`
vcf:vcf_production_regression:vcf.gl_propagation:vcf_single_sample:bcftools	vcf	vcf.gl_propagation	bcftools	vcf_production_regression	vcf_single_sample	vcf.adapter.transform	vcf.parser.vcf_output	bijux.schemas.bench.vcf-normalized-metrics.gl-propagation.v1	gl_propagated_vcf	input_likelihood_fields,output_likelihood_fields,lost_fields,site_count_before,site_count_after,sample_count	likelihood_postprocess	covered	active row `vcf` / `vcf.gl_propagation` / `bcftools` keeps governed expected-result coverage with result_id `vcf:vcf_production_regression:vcf.gl_propagation:vcf_single_sample:bcftools` in report section `likelihood_postprocess`
vcf:vcf_production_regression:vcf.impute:vcf_cohort_with_panel:beagle	vcf	vcf.impute	beagle	vcf_production_regression	vcf_cohort_with_panel	vcf.adapter.panel_workflow	vcf.parser.vcf_output	bijux.schemas.bench.vcf-normalized-metrics.impute.v1	imputed_vcf	variant_count,missing_before,missing_after,imputed_genotypes,low_confidence_count,masked_truth_site_count,masked_truth_match_count,unresolved_count,not_imputable_reasons,sample_count,sample_ids	imputation	covered	active row `vcf` / `vcf.impute` / `beagle` keeps governed expected-result coverage with result_id `vcf:vcf_production_regression:vcf.impute:vcf_cohort_with_panel:beagle` in report section `imputation`
vcf:vcf_production_regression:vcf.phasing:vcf_cohort_with_panel:shapeit5	vcf	vcf.phasing	shapeit5	vcf_production_regression	vcf_cohort_with_panel	vcf.adapter.panel_workflow	vcf.parser.vcf_output	bijux.schemas.bench.vcf-normalized-metrics.phasing.v1	phased_vcf	switch_error_proxy,phase_block_n50	phasing	covered	active row `vcf` / `vcf.phasing` / `shapeit5` keeps governed expected-result coverage with result_id `vcf:vcf_production_regression:vcf.phasing:vcf_cohort_with_panel:shapeit5` in report section `phasing`
vcf:vcf_production_regression:vcf.postprocess:vcf_single_sample:bcftools	vcf	vcf.postprocess	bcftools	vcf_production_regression	vcf_single_sample	vcf.adapter.transform	vcf.parser.vcf_output	bijux.schemas.bench.vcf-normalized-metrics.postprocess.v1	postprocess_vcf	readable_vcf,tabix_present,contigs_consistent_with_species_context,left_align_applied,multiallelic_records_split,indels_normalized,variant_ids_normalized,invalid_records_removed,filter_standardized_to_pass	normalization	covered	active row `vcf` / `vcf.postprocess` / `bcftools` keeps governed expected-result coverage with result_id `vcf:vcf_production_regression:vcf.postprocess:vcf_single_sample:bcftools` in report section `normalization`
vcf:vcf_production_regression:vcf.prepare_reference_panel:vcf_reference_panel:bcftools	vcf	vcf.prepare_reference_panel	bcftools	vcf_production_regression	vcf_reference_panel	vcf.adapter.reference_panel	vcf.parser.vcf_output	bijux.schemas.bench.vcf-normalized-metrics.prepare-reference-panel.v1	prepared_panel,chunks_json	input_variants,output_variants,sample_count,sample_ids,sample_consistent,duplicate_sites_removed,normalization_status,parseable	reference_panel_preparation	covered	active row `vcf` / `vcf.prepare_reference_panel` / `bcftools` keeps governed expected-result coverage with result_id `vcf:vcf_production_regression:vcf.prepare_reference_panel:vcf_reference_panel:bcftools` in report section `reference_panel_preparation`
vcf:vcf_production_regression:vcf.qc:vcf_cohort:bcftools	vcf	vcf.qc	bcftools	vcf_production_regression	vcf_cohort	vcf.adapter.quality_control	vcf.parser.qc_report	bijux.schemas.bench.vcf-normalized-metrics.qc.v1	qc_report	variant_count,sample_missingness,variant_missingness,maf_summary,heterozygosity,hwe_summary,excluded_samples,excluded_variants,sample_missingness_exclusion_threshold,variant_missingness_exclusion_threshold	quality_control	covered	active row `vcf` / `vcf.qc` / `bcftools` keeps governed expected-result coverage with result_id `vcf:vcf_production_regression:vcf.qc:vcf_cohort:bcftools` in report section `quality_control`
vcf:vcf_production_regression:vcf.qc:vcf_cohort:plink	vcf	vcf.qc	plink	vcf_production_regression	vcf_cohort	vcf.adapter.quality_control	vcf.parser.qc_report	bijux.schemas.bench.vcf-normalized-metrics.qc.v1	qc_report	variant_count,sample_missingness,variant_missingness,maf_summary,heterozygosity,hwe_summary,excluded_samples,excluded_variants,sample_missingness_exclusion_threshold,variant_missingness_exclusion_threshold	quality_control	covered	active row `vcf` / `vcf.qc` / `plink` keeps governed expected-result coverage with result_id `vcf:vcf_production_regression:vcf.qc:vcf_cohort:plink` in report section `quality_control`
vcf:vcf_production_regression:vcf.qc:vcf_cohort:plink2	vcf	vcf.qc	plink2	vcf_production_regression	vcf_cohort	vcf.adapter.quality_control	vcf.parser.qc_report	bijux.schemas.bench.vcf-normalized-metrics.qc.v1	qc_report	variant_count,sample_missingness,variant_missingness,maf_summary,heterozygosity,hwe_summary,excluded_samples,excluded_variants,sample_missingness_exclusion_threshold,variant_missingness_exclusion_threshold	quality_control	covered	active row `vcf` / `vcf.qc` / `plink2` keeps governed expected-result coverage with result_id `vcf:vcf_production_regression:vcf.qc:vcf_cohort:plink2` in report section `quality_control`
vcf:vcf_production_regression:vcf.stats:vcf_cohort:bcftools	vcf	vcf.stats	bcftools	vcf_production_regression	vcf_cohort	vcf.adapter.quality_control	vcf.parser.stats_report	bijux.schemas.bench.vcf-normalized-metrics.stats.v1	stats_json	variant_count,snp_count,indel_count,transition_count,transversion_count,ti_tv,sample_count	quality_control	covered	active row `vcf` / `vcf.stats` / `bcftools` keeps governed expected-result coverage with result_id `vcf:vcf_production_regression:vcf.stats:vcf_cohort:bcftools` in report section `quality_control`
