result_id	domain	stage_id	tool_id	corpus_id	asset_profile_id	adapter_id	parser_id	schema_id	readiness_kind	benchmark_status	command_source	command_step_count	script_command_count	command_step_ids	primary_executables	script_output_path	argv_output_path	coverage_status	reason
bam:corpus-01-mini:bam.align:sample-set:bowtie2	bam	bam.align	bowtie2	corpus-01-mini	corpus_only	bam.adapter.align	bam.parser.align	bam_align_normalized_v1	dry_or_smoke	benchmark_ready	fastq_bam_command_adapter	1	1	invoke	/bin/sh	benchmarks/readiness/rendered-commands-all-domains.sh	benchmarks/readiness/rendered-commands-all-domains.argv.jsonl	covered	active row `bam` / `bam.align` / `bowtie2` keeps one local benchmark job row in `benchmarks/readiness/rendered-commands-all-domains.sh` and `benchmarks/readiness/rendered-commands-all-domains.argv.jsonl` through `fastq_bam_command_adapter`
bam:corpus-01-mini:bam.align:sample-set:bwa	bam	bam.align	bwa	corpus-01-mini	corpus_only	bam.adapter.align	bam.parser.align	bam_align_normalized_v1	dry_or_smoke	benchmark_ready	fastq_bam_command_adapter	1	1	invoke	/bin/sh	benchmarks/readiness/rendered-commands-all-domains.sh	benchmarks/readiness/rendered-commands-all-domains.argv.jsonl	covered	active row `bam` / `bam.align` / `bwa` keeps one local benchmark job row in `benchmarks/readiness/rendered-commands-all-domains.sh` and `benchmarks/readiness/rendered-commands-all-domains.argv.jsonl` through `fastq_bam_command_adapter`
bam:corpus-01-adna-damage-mini:bam.authenticity:adna_damage_non_udg:authenticct	bam	bam.authenticity	authenticct	corpus-01-adna-damage-mini	corpus_only	bam.adapter.authenticity	bam.parser.authenticity	bam_authenticity_normalized_v1	smoke	benchmark_ready	fastq_bam_command_adapter	1	1	invoke	/bin/sh	benchmarks/readiness/rendered-commands-all-domains.sh	benchmarks/readiness/rendered-commands-all-domains.argv.jsonl	covered	active row `bam` / `bam.authenticity` / `authenticct` keeps one local benchmark job row in `benchmarks/readiness/rendered-commands-all-domains.sh` and `benchmarks/readiness/rendered-commands-all-domains.argv.jsonl` through `fastq_bam_command_adapter`
bam:corpus-01-adna-damage-mini:bam.authenticity:adna_damage_non_udg:damageprofiler	bam	bam.authenticity	damageprofiler	corpus-01-adna-damage-mini	corpus_only	bam.adapter.authenticity	bam.parser.authenticity	bam_authenticity_normalized_v1	smoke	benchmark_ready	fastq_bam_command_adapter	1	1	invoke	/bin/sh	benchmarks/readiness/rendered-commands-all-domains.sh	benchmarks/readiness/rendered-commands-all-domains.argv.jsonl	covered	active row `bam` / `bam.authenticity` / `damageprofiler` keeps one local benchmark job row in `benchmarks/readiness/rendered-commands-all-domains.sh` and `benchmarks/readiness/rendered-commands-all-domains.argv.jsonl` through `fastq_bam_command_adapter`
bam:corpus-01-adna-damage-mini:bam.authenticity:adna_damage_non_udg:pmdtools	bam	bam.authenticity	pmdtools	corpus-01-adna-damage-mini	corpus_only	bam.adapter.authenticity	bam.parser.authenticity	bam_authenticity_normalized_v1	smoke	benchmark_ready	fastq_bam_command_adapter	1	1	invoke	/bin/sh	benchmarks/readiness/rendered-commands-all-domains.sh	benchmarks/readiness/rendered-commands-all-domains.argv.jsonl	covered	active row `bam` / `bam.authenticity` / `pmdtools` keeps one local benchmark job row in `benchmarks/readiness/rendered-commands-all-domains.sh` and `benchmarks/readiness/rendered-commands-all-domains.argv.jsonl` through `fastq_bam_command_adapter`
bam:corpus-01-bam-mini:bam.bias_mitigation:sample-set:mapdamage2	bam	bam.bias_mitigation	mapdamage2	corpus-01-bam-mini	corpus_only	bam.adapter.bias_mitigation	bam.parser.bias_mitigation	bam_bias_mitigation_normalized_v1	smoke	benchmark_ready	fastq_bam_command_adapter	1	1	invoke	cargo	benchmarks/readiness/rendered-commands-all-domains.sh	benchmarks/readiness/rendered-commands-all-domains.argv.jsonl	covered	active row `bam` / `bam.bias_mitigation` / `mapdamage2` keeps one local benchmark job row in `benchmarks/readiness/rendered-commands-all-domains.sh` and `benchmarks/readiness/rendered-commands-all-domains.argv.jsonl` through `fastq_bam_command_adapter`
bam:corpus-01-bam-mini:bam.complexity:sample-set:preseq	bam	bam.complexity	preseq	corpus-01-bam-mini	corpus_only	bam.adapter.complexity	bam.parser.complexity	bam_complexity_normalized_v1	smoke	benchmark_ready	fastq_bam_command_adapter	1	1	invoke	/bin/sh	benchmarks/readiness/rendered-commands-all-domains.sh	benchmarks/readiness/rendered-commands-all-domains.argv.jsonl	covered	active row `bam` / `bam.complexity` / `preseq` keeps one local benchmark job row in `benchmarks/readiness/rendered-commands-all-domains.sh` and `benchmarks/readiness/rendered-commands-all-domains.argv.jsonl` through `fastq_bam_command_adapter`
bam:corpus-01-adna-bam-mini:bam.contamination:sample-set:contammix	bam	bam.contamination	contammix	corpus-01-adna-bam-mini	reference_fasta+reference_panel	bam.adapter.contamination	bam.parser.contamination	bam_contamination_normalized_v1	dry_or_smoke	benchmark_ready	fastq_bam_command_adapter	1	1	invoke	/bin/sh	benchmarks/readiness/rendered-commands-all-domains.sh	benchmarks/readiness/rendered-commands-all-domains.argv.jsonl	covered	active row `bam` / `bam.contamination` / `contammix` keeps one local benchmark job row in `benchmarks/readiness/rendered-commands-all-domains.sh` and `benchmarks/readiness/rendered-commands-all-domains.argv.jsonl` through `fastq_bam_command_adapter`
bam:corpus-01-adna-bam-mini:bam.contamination:sample-set:schmutzi	bam	bam.contamination	schmutzi	corpus-01-adna-bam-mini	reference_fasta+reference_panel	bam.adapter.contamination	bam.parser.contamination	bam_contamination_normalized_v1	dry_or_smoke	benchmark_ready	fastq_bam_command_adapter	1	1	invoke	/bin/sh	benchmarks/readiness/rendered-commands-all-domains.sh	benchmarks/readiness/rendered-commands-all-domains.argv.jsonl	covered	active row `bam` / `bam.contamination` / `schmutzi` keeps one local benchmark job row in `benchmarks/readiness/rendered-commands-all-domains.sh` and `benchmarks/readiness/rendered-commands-all-domains.argv.jsonl` through `fastq_bam_command_adapter`
bam:corpus-01-adna-bam-mini:bam.contamination:sample-set:verifybamid2	bam	bam.contamination	verifybamid2	corpus-01-adna-bam-mini	reference_fasta+reference_panel	bam.adapter.contamination	bam.parser.contamination	bam_contamination_normalized_v1	dry_or_smoke	benchmark_ready	fastq_bam_command_adapter	1	1	invoke	/bin/sh	benchmarks/readiness/rendered-commands-all-domains.sh	benchmarks/readiness/rendered-commands-all-domains.argv.jsonl	covered	active row `bam` / `bam.contamination` / `verifybamid2` keeps one local benchmark job row in `benchmarks/readiness/rendered-commands-all-domains.sh` and `benchmarks/readiness/rendered-commands-all-domains.argv.jsonl` through `fastq_bam_command_adapter`
bam:corpus-01-bam-mini:bam.coverage:sample-set:bedtools	bam	bam.coverage	bedtools	corpus-01-bam-mini	corpus_only	bam.adapter.coverage	bam.parser.coverage	bam_coverage_normalized_v1	smoke	benchmark_ready	fastq_bam_command_adapter	1	1	invoke	/bin/sh	benchmarks/readiness/rendered-commands-all-domains.sh	benchmarks/readiness/rendered-commands-all-domains.argv.jsonl	covered	active row `bam` / `bam.coverage` / `bedtools` keeps one local benchmark job row in `benchmarks/readiness/rendered-commands-all-domains.sh` and `benchmarks/readiness/rendered-commands-all-domains.argv.jsonl` through `fastq_bam_command_adapter`
bam:corpus-01-bam-mini:bam.coverage:sample-set:mosdepth	bam	bam.coverage	mosdepth	corpus-01-bam-mini	corpus_only	bam.adapter.coverage	bam.parser.coverage	bam_coverage_normalized_v1	smoke	benchmark_ready	fastq_bam_command_adapter	1	1	invoke	/bin/sh	benchmarks/readiness/rendered-commands-all-domains.sh	benchmarks/readiness/rendered-commands-all-domains.argv.jsonl	covered	active row `bam` / `bam.coverage` / `mosdepth` keeps one local benchmark job row in `benchmarks/readiness/rendered-commands-all-domains.sh` and `benchmarks/readiness/rendered-commands-all-domains.argv.jsonl` through `fastq_bam_command_adapter`
bam:corpus-01-bam-mini:bam.coverage:sample-set:samtools	bam	bam.coverage	samtools	corpus-01-bam-mini	corpus_only	bam.adapter.coverage	bam.parser.coverage	bam_coverage_normalized_v1	smoke	benchmark_ready	fastq_bam_command_adapter	1	1	invoke	/bin/sh	benchmarks/readiness/rendered-commands-all-domains.sh	benchmarks/readiness/rendered-commands-all-domains.argv.jsonl	covered	active row `bam` / `bam.coverage` / `samtools` keeps one local benchmark job row in `benchmarks/readiness/rendered-commands-all-domains.sh` and `benchmarks/readiness/rendered-commands-all-domains.argv.jsonl` through `fastq_bam_command_adapter`
bam:corpus-01-adna-damage-mini:bam.damage:adna_damage_non_udg:addeam	bam	bam.damage	addeam	corpus-01-adna-damage-mini	corpus_only	bam.adapter.damage	bam.parser.damage	bam_damage_normalized_v1	smoke	benchmark_ready	fastq_bam_command_adapter	1	1	invoke	addeam	benchmarks/readiness/rendered-commands-all-domains.sh	benchmarks/readiness/rendered-commands-all-domains.argv.jsonl	covered	active row `bam` / `bam.damage` / `addeam` keeps one local benchmark job row in `benchmarks/readiness/rendered-commands-all-domains.sh` and `benchmarks/readiness/rendered-commands-all-domains.argv.jsonl` through `fastq_bam_command_adapter`
bam:corpus-01-adna-damage-mini:bam.damage:adna_damage_non_udg:damageprofiler	bam	bam.damage	damageprofiler	corpus-01-adna-damage-mini	corpus_only	bam.adapter.damage	bam.parser.damage	bam_damage_normalized_v1	smoke	benchmark_ready	fastq_bam_command_adapter	1	1	invoke	damageprofiler	benchmarks/readiness/rendered-commands-all-domains.sh	benchmarks/readiness/rendered-commands-all-domains.argv.jsonl	covered	active row `bam` / `bam.damage` / `damageprofiler` keeps one local benchmark job row in `benchmarks/readiness/rendered-commands-all-domains.sh` and `benchmarks/readiness/rendered-commands-all-domains.argv.jsonl` through `fastq_bam_command_adapter`
bam:corpus-01-adna-damage-mini:bam.damage:adna_damage_non_udg:mapdamage2	bam	bam.damage	mapdamage2	corpus-01-adna-damage-mini	corpus_only	bam.adapter.damage	bam.parser.damage	bam_damage_normalized_v1	smoke	benchmark_ready	fastq_bam_command_adapter	1	1	invoke	/bin/sh	benchmarks/readiness/rendered-commands-all-domains.sh	benchmarks/readiness/rendered-commands-all-domains.argv.jsonl	covered	active row `bam` / `bam.damage` / `mapdamage2` keeps one local benchmark job row in `benchmarks/readiness/rendered-commands-all-domains.sh` and `benchmarks/readiness/rendered-commands-all-domains.argv.jsonl` through `fastq_bam_command_adapter`
bam:corpus-01-adna-damage-mini:bam.damage:adna_damage_non_udg:ngsbriggs	bam	bam.damage	ngsbriggs	corpus-01-adna-damage-mini	corpus_only	bam.adapter.damage	bam.parser.damage	bam_damage_normalized_v1	smoke	benchmark_ready	fastq_bam_command_adapter	1	1	invoke	ngsbriggs	benchmarks/readiness/rendered-commands-all-domains.sh	benchmarks/readiness/rendered-commands-all-domains.argv.jsonl	covered	active row `bam` / `bam.damage` / `ngsbriggs` keeps one local benchmark job row in `benchmarks/readiness/rendered-commands-all-domains.sh` and `benchmarks/readiness/rendered-commands-all-domains.argv.jsonl` through `fastq_bam_command_adapter`
bam:corpus-01-adna-damage-mini:bam.damage:adna_damage_non_udg:pmdtools	bam	bam.damage	pmdtools	corpus-01-adna-damage-mini	corpus_only	bam.adapter.damage	bam.parser.damage	bam_damage_normalized_v1	smoke	benchmark_ready	fastq_bam_command_adapter	1	1	invoke	/bin/sh	benchmarks/readiness/rendered-commands-all-domains.sh	benchmarks/readiness/rendered-commands-all-domains.argv.jsonl	covered	active row `bam` / `bam.damage` / `pmdtools` keeps one local benchmark job row in `benchmarks/readiness/rendered-commands-all-domains.sh` and `benchmarks/readiness/rendered-commands-all-domains.argv.jsonl` through `fastq_bam_command_adapter`
bam:corpus-01-adna-damage-mini:bam.damage:adna_damage_non_udg:pydamage	bam	bam.damage	pydamage	corpus-01-adna-damage-mini	corpus_only	bam.adapter.damage	bam.parser.damage	bam_damage_normalized_v1	smoke	benchmark_ready	fastq_bam_command_adapter	1	1	invoke	pydamage	benchmarks/readiness/rendered-commands-all-domains.sh	benchmarks/readiness/rendered-commands-all-domains.argv.jsonl	covered	active row `bam` / `bam.damage` / `pydamage` keeps one local benchmark job row in `benchmarks/readiness/rendered-commands-all-domains.sh` and `benchmarks/readiness/rendered-commands-all-domains.argv.jsonl` through `fastq_bam_command_adapter`
bam:corpus-01-bam-mini:bam.duplication_metrics:sample-set:picard	bam	bam.duplication_metrics	picard	corpus-01-bam-mini	corpus_only	bam.adapter.duplication_metrics	bam.parser.duplication_metrics	bam_duplication_metrics_normalized_v1	smoke	benchmark_ready	fastq_bam_command_adapter	1	1	invoke	/bin/sh	benchmarks/readiness/rendered-commands-all-domains.sh	benchmarks/readiness/rendered-commands-all-domains.argv.jsonl	covered	active row `bam` / `bam.duplication_metrics` / `picard` keeps one local benchmark job row in `benchmarks/readiness/rendered-commands-all-domains.sh` and `benchmarks/readiness/rendered-commands-all-domains.argv.jsonl` through `fastq_bam_command_adapter`
bam:corpus-01-bam-mini:bam.duplication_metrics:sample-set:samtools	bam	bam.duplication_metrics	samtools	corpus-01-bam-mini	corpus_only	bam.adapter.duplication_metrics	bam.parser.duplication_metrics	bam_duplication_metrics_normalized_v1	smoke	benchmark_ready	fastq_bam_command_adapter	1	1	invoke	/bin/sh	benchmarks/readiness/rendered-commands-all-domains.sh	benchmarks/readiness/rendered-commands-all-domains.argv.jsonl	covered	active row `bam` / `bam.duplication_metrics` / `samtools` keeps one local benchmark job row in `benchmarks/readiness/rendered-commands-all-domains.sh` and `benchmarks/readiness/rendered-commands-all-domains.argv.jsonl` through `fastq_bam_command_adapter`
bam:corpus-01-bam-mini:bam.endogenous_content:sample-set:samtools	bam	bam.endogenous_content	samtools	corpus-01-bam-mini	corpus_only	bam.adapter.endogenous_content	bam.parser.endogenous_content	bam_endogenous_content_normalized_v1	smoke	benchmark_ready	fastq_bam_command_adapter	1	1	invoke	/bin/sh	benchmarks/readiness/rendered-commands-all-domains.sh	benchmarks/readiness/rendered-commands-all-domains.argv.jsonl	covered	active row `bam` / `bam.endogenous_content` / `samtools` keeps one local benchmark job row in `benchmarks/readiness/rendered-commands-all-domains.sh` and `benchmarks/readiness/rendered-commands-all-domains.argv.jsonl` through `fastq_bam_command_adapter`
bam:corpus-01-bam-mini:bam.filter:sample-set:bamtools	bam	bam.filter	bamtools	corpus-01-bam-mini	corpus_only	bam.adapter.filter	bam.parser.filter	bam_filter_normalized_v1	dry_or_smoke	benchmark_ready	fastq_bam_command_adapter	1	1	invoke	/bin/sh	benchmarks/readiness/rendered-commands-all-domains.sh	benchmarks/readiness/rendered-commands-all-domains.argv.jsonl	covered	active row `bam` / `bam.filter` / `bamtools` keeps one local benchmark job row in `benchmarks/readiness/rendered-commands-all-domains.sh` and `benchmarks/readiness/rendered-commands-all-domains.argv.jsonl` through `fastq_bam_command_adapter`
bam:corpus-01-bam-mini:bam.filter:sample-set:bedtools	bam	bam.filter	bedtools	corpus-01-bam-mini	corpus_only	bam.adapter.filter	bam.parser.filter	bam_filter_normalized_v1	dry_or_smoke	benchmark_ready	fastq_bam_command_adapter	1	1	invoke	/bin/sh	benchmarks/readiness/rendered-commands-all-domains.sh	benchmarks/readiness/rendered-commands-all-domains.argv.jsonl	covered	active row `bam` / `bam.filter` / `bedtools` keeps one local benchmark job row in `benchmarks/readiness/rendered-commands-all-domains.sh` and `benchmarks/readiness/rendered-commands-all-domains.argv.jsonl` through `fastq_bam_command_adapter`
bam:corpus-01-bam-mini:bam.filter:sample-set:samtools	bam	bam.filter	samtools	corpus-01-bam-mini	corpus_only	bam.adapter.filter	bam.parser.filter	bam_filter_normalized_v1	dry_or_smoke	benchmark_ready	fastq_bam_command_adapter	1	1	invoke	/bin/sh	benchmarks/readiness/rendered-commands-all-domains.sh	benchmarks/readiness/rendered-commands-all-domains.argv.jsonl	covered	active row `bam` / `bam.filter` / `samtools` keeps one local benchmark job row in `benchmarks/readiness/rendered-commands-all-domains.sh` and `benchmarks/readiness/rendered-commands-all-domains.argv.jsonl` through `fastq_bam_command_adapter`
bam:corpus-01-bam-mini:bam.gc_bias:sample-set:picard	bam	bam.gc_bias	picard	corpus-01-bam-mini	corpus_only	bam.adapter.gc_bias	bam.parser.gc_bias	bam_gc_bias_normalized_v1	smoke	benchmark_ready	fastq_bam_command_adapter	1	1	invoke	picard	benchmarks/readiness/rendered-commands-all-domains.sh	benchmarks/readiness/rendered-commands-all-domains.argv.jsonl	covered	active row `bam` / `bam.gc_bias` / `picard` keeps one local benchmark job row in `benchmarks/readiness/rendered-commands-all-domains.sh` and `benchmarks/readiness/rendered-commands-all-domains.argv.jsonl` through `fastq_bam_command_adapter`
bam:corpus-01-genotyping-mini:bam.genotyping:human_like_genotyping_candidate_panel:angsd	bam	bam.genotyping	angsd	corpus-01-genotyping-mini	reference_fasta+regions+sites_vcf	bam.adapter.genotyping	bam.parser.genotyping	bam_genotyping_normalized_v1	dry_or_smoke	benchmark_ready	fastq_bam_command_adapter	1	1	invoke	cargo	benchmarks/readiness/rendered-commands-all-domains.sh	benchmarks/readiness/rendered-commands-all-domains.argv.jsonl	covered	active row `bam` / `bam.genotyping` / `angsd` keeps one local benchmark job row in `benchmarks/readiness/rendered-commands-all-domains.sh` and `benchmarks/readiness/rendered-commands-all-domains.argv.jsonl` through `fastq_bam_command_adapter`
bam:corpus-01-adna-bam-mini:bam.haplogroups:sample-set:yleaf	bam	bam.haplogroups	yleaf	corpus-01-adna-bam-mini	reference_fasta+reference_panel	bam.adapter.haplogroups	bam.parser.haplogroups	bam_haplogroups_normalized_v1	dry_or_smoke	benchmark_ready	fastq_bam_command_adapter	1	1	invoke	cargo	benchmarks/readiness/rendered-commands-all-domains.sh	benchmarks/readiness/rendered-commands-all-domains.argv.jsonl	covered	active row `bam` / `bam.haplogroups` / `yleaf` keeps one local benchmark job row in `benchmarks/readiness/rendered-commands-all-domains.sh` and `benchmarks/readiness/rendered-commands-all-domains.argv.jsonl` through `fastq_bam_command_adapter`
bam:corpus-01-bam-mini:bam.insert_size:sample-set:picard	bam	bam.insert_size	picard	corpus-01-bam-mini	corpus_only	bam.adapter.insert_size	bam.parser.insert_size	bam_insert_size_normalized_v1	smoke	benchmark_ready	fastq_bam_command_adapter	1	1	invoke	picard	benchmarks/readiness/rendered-commands-all-domains.sh	benchmarks/readiness/rendered-commands-all-domains.argv.jsonl	covered	active row `bam` / `bam.insert_size` / `picard` keeps one local benchmark job row in `benchmarks/readiness/rendered-commands-all-domains.sh` and `benchmarks/readiness/rendered-commands-all-domains.argv.jsonl` through `fastq_bam_command_adapter`
bam:corpus-01-kinship-mini:bam.kinship:sample-set:angsd	bam	bam.kinship	angsd	corpus-01-kinship-mini	reference_fasta+reference_panel	bam.adapter.kinship	bam.parser.kinship	bam_kinship_normalized_v1	smoke	benchmark_ready	fastq_bam_command_adapter	1	1	invoke	cargo	benchmarks/readiness/rendered-commands-all-domains.sh	benchmarks/readiness/rendered-commands-all-domains.argv.jsonl	covered	active row `bam` / `bam.kinship` / `angsd` keeps one local benchmark job row in `benchmarks/readiness/rendered-commands-all-domains.sh` and `benchmarks/readiness/rendered-commands-all-domains.argv.jsonl` through `fastq_bam_command_adapter`
bam:corpus-01-kinship-mini:bam.kinship:sample-set:king	bam	bam.kinship	king	corpus-01-kinship-mini	reference_fasta+reference_panel	bam.adapter.kinship	bam.parser.kinship	bam_kinship_normalized_v1	smoke	benchmark_ready	fastq_bam_command_adapter	1	1	invoke	cargo	benchmarks/readiness/rendered-commands-all-domains.sh	benchmarks/readiness/rendered-commands-all-domains.argv.jsonl	covered	active row `bam` / `bam.kinship` / `king` keeps one local benchmark job row in `benchmarks/readiness/rendered-commands-all-domains.sh` and `benchmarks/readiness/rendered-commands-all-domains.argv.jsonl` through `fastq_bam_command_adapter`
bam:corpus-01-bam-mini:bam.length_filter:sample-set:picard	bam	bam.length_filter	picard	corpus-01-bam-mini	corpus_only	bam.adapter.length_filter	bam.parser.length_filter	bam_length_filter_normalized_v1	smoke	benchmark_ready	fastq_bam_command_adapter	1	1	invoke	/bin/sh	benchmarks/readiness/rendered-commands-all-domains.sh	benchmarks/readiness/rendered-commands-all-domains.argv.jsonl	covered	active row `bam` / `bam.length_filter` / `picard` keeps one local benchmark job row in `benchmarks/readiness/rendered-commands-all-domains.sh` and `benchmarks/readiness/rendered-commands-all-domains.argv.jsonl` through `fastq_bam_command_adapter`
bam:corpus-01-bam-mini:bam.length_filter:sample-set:samtools	bam	bam.length_filter	samtools	corpus-01-bam-mini	corpus_only	bam.adapter.length_filter	bam.parser.length_filter	bam_length_filter_normalized_v1	smoke	benchmark_ready	fastq_bam_command_adapter	1	1	invoke	/bin/sh	benchmarks/readiness/rendered-commands-all-domains.sh	benchmarks/readiness/rendered-commands-all-domains.argv.jsonl	covered	active row `bam` / `bam.length_filter` / `samtools` keeps one local benchmark job row in `benchmarks/readiness/rendered-commands-all-domains.sh` and `benchmarks/readiness/rendered-commands-all-domains.argv.jsonl` through `fastq_bam_command_adapter`
bam:corpus-01-bam-mini:bam.mapping_summary:sample-set:picard	bam	bam.mapping_summary	picard	corpus-01-bam-mini	corpus_only	bam.adapter.mapping_summary	bam.parser.mapping_summary	bam_mapping_summary_normalized_v1	smoke	benchmark_ready	fastq_bam_command_adapter	1	1	invoke	/bin/sh	benchmarks/readiness/rendered-commands-all-domains.sh	benchmarks/readiness/rendered-commands-all-domains.argv.jsonl	covered	active row `bam` / `bam.mapping_summary` / `picard` keeps one local benchmark job row in `benchmarks/readiness/rendered-commands-all-domains.sh` and `benchmarks/readiness/rendered-commands-all-domains.argv.jsonl` through `fastq_bam_command_adapter`
bam:corpus-01-bam-mini:bam.mapping_summary:sample-set:samtools	bam	bam.mapping_summary	samtools	corpus-01-bam-mini	corpus_only	bam.adapter.mapping_summary	bam.parser.mapping_summary	bam_mapping_summary_normalized_v1	smoke	benchmark_ready	fastq_bam_command_adapter	1	1	invoke	/bin/sh	benchmarks/readiness/rendered-commands-all-domains.sh	benchmarks/readiness/rendered-commands-all-domains.argv.jsonl	covered	active row `bam` / `bam.mapping_summary` / `samtools` keeps one local benchmark job row in `benchmarks/readiness/rendered-commands-all-domains.sh` and `benchmarks/readiness/rendered-commands-all-domains.argv.jsonl` through `fastq_bam_command_adapter`
bam:corpus-01-bam-mini:bam.mapq_filter:sample-set:bamtools	bam	bam.mapq_filter	bamtools	corpus-01-bam-mini	corpus_only	bam.adapter.mapq_filter	bam.parser.mapq_filter	bam_mapq_filter_normalized_v1	smoke	benchmark_ready	fastq_bam_command_adapter	1	1	invoke	/bin/sh	benchmarks/readiness/rendered-commands-all-domains.sh	benchmarks/readiness/rendered-commands-all-domains.argv.jsonl	covered	active row `bam` / `bam.mapq_filter` / `bamtools` keeps one local benchmark job row in `benchmarks/readiness/rendered-commands-all-domains.sh` and `benchmarks/readiness/rendered-commands-all-domains.argv.jsonl` through `fastq_bam_command_adapter`
bam:corpus-01-bam-mini:bam.mapq_filter:sample-set:samtools	bam	bam.mapq_filter	samtools	corpus-01-bam-mini	corpus_only	bam.adapter.mapq_filter	bam.parser.mapq_filter	bam_mapq_filter_normalized_v1	smoke	benchmark_ready	fastq_bam_command_adapter	1	1	invoke	/bin/sh	benchmarks/readiness/rendered-commands-all-domains.sh	benchmarks/readiness/rendered-commands-all-domains.argv.jsonl	covered	active row `bam` / `bam.mapq_filter` / `samtools` keeps one local benchmark job row in `benchmarks/readiness/rendered-commands-all-domains.sh` and `benchmarks/readiness/rendered-commands-all-domains.argv.jsonl` through `fastq_bam_command_adapter`
bam:corpus-01-bam-mini:bam.markdup:sample-set:picard	bam	bam.markdup	picard	corpus-01-bam-mini	corpus_only	bam.adapter.markdup	bam.parser.markdup	bam_markdup_normalized_v1	smoke	benchmark_ready	fastq_bam_command_adapter	1	1	invoke	/bin/sh	benchmarks/readiness/rendered-commands-all-domains.sh	benchmarks/readiness/rendered-commands-all-domains.argv.jsonl	covered	active row `bam` / `bam.markdup` / `picard` keeps one local benchmark job row in `benchmarks/readiness/rendered-commands-all-domains.sh` and `benchmarks/readiness/rendered-commands-all-domains.argv.jsonl` through `fastq_bam_command_adapter`
bam:corpus-01-bam-mini:bam.markdup:sample-set:samtools	bam	bam.markdup	samtools	corpus-01-bam-mini	corpus_only	bam.adapter.markdup	bam.parser.markdup	bam_markdup_normalized_v1	smoke	benchmark_ready	fastq_bam_command_adapter	1	1	invoke	/bin/sh	benchmarks/readiness/rendered-commands-all-domains.sh	benchmarks/readiness/rendered-commands-all-domains.argv.jsonl	covered	active row `bam` / `bam.markdup` / `samtools` keeps one local benchmark job row in `benchmarks/readiness/rendered-commands-all-domains.sh` and `benchmarks/readiness/rendered-commands-all-domains.argv.jsonl` through `fastq_bam_command_adapter`
bam:corpus-01-bam-mini:bam.overlap_correction:sample-set:bamutil	bam	bam.overlap_correction	bamutil	corpus-01-bam-mini	corpus_only	bam.adapter.overlap_correction	bam.parser.overlap_correction	bam_overlap_correction_normalized_v1	dry_or_smoke	benchmark_ready	fastq_bam_command_adapter	1	1	invoke	/bin/sh	benchmarks/readiness/rendered-commands-all-domains.sh	benchmarks/readiness/rendered-commands-all-domains.argv.jsonl	covered	active row `bam` / `bam.overlap_correction` / `bamutil` keeps one local benchmark job row in `benchmarks/readiness/rendered-commands-all-domains.sh` and `benchmarks/readiness/rendered-commands-all-domains.argv.jsonl` through `fastq_bam_command_adapter`
bam:corpus-01-bam-mini:bam.qc_pre:sample-set:multiqc	bam	bam.qc_pre	multiqc	corpus-01-bam-mini	corpus_only	bam.adapter.qc_pre	bam.parser.qc_pre	bam_qc_pre_normalized_v1	smoke	benchmark_ready	fastq_bam_command_adapter	1	1	invoke	/bin/sh	benchmarks/readiness/rendered-commands-all-domains.sh	benchmarks/readiness/rendered-commands-all-domains.argv.jsonl	covered	active row `bam` / `bam.qc_pre` / `multiqc` keeps one local benchmark job row in `benchmarks/readiness/rendered-commands-all-domains.sh` and `benchmarks/readiness/rendered-commands-all-domains.argv.jsonl` through `fastq_bam_command_adapter`
bam:corpus-01-bam-mini:bam.qc_pre:sample-set:samtools	bam	bam.qc_pre	samtools	corpus-01-bam-mini	corpus_only	bam.adapter.qc_pre	bam.parser.qc_pre	bam_qc_pre_normalized_v1	smoke	benchmark_ready	fastq_bam_command_adapter	1	1	invoke	/bin/sh	benchmarks/readiness/rendered-commands-all-domains.sh	benchmarks/readiness/rendered-commands-all-domains.argv.jsonl	covered	active row `bam` / `bam.qc_pre` / `samtools` keeps one local benchmark job row in `benchmarks/readiness/rendered-commands-all-domains.sh` and `benchmarks/readiness/rendered-commands-all-domains.argv.jsonl` through `fastq_bam_command_adapter`
bam:corpus-01-bam-mini:bam.recalibration:sample-set:gatk	bam	bam.recalibration	gatk	corpus-01-bam-mini	known_sites+reference_fasta	bam.adapter.recalibration	bam.parser.recalibration	bam_recalibration_normalized_v1	smoke	benchmark_ready	fastq_bam_command_adapter	1	1	invoke	/bin/sh	benchmarks/readiness/rendered-commands-all-domains.sh	benchmarks/readiness/rendered-commands-all-domains.argv.jsonl	covered	active row `bam` / `bam.recalibration` / `gatk` keeps one local benchmark job row in `benchmarks/readiness/rendered-commands-all-domains.sh` and `benchmarks/readiness/rendered-commands-all-domains.argv.jsonl` through `fastq_bam_command_adapter`
bam:corpus-01-adna-bam-mini:bam.sex:sample-set:angsd	bam	bam.sex	angsd	corpus-01-adna-bam-mini	reference_fasta	bam.adapter.sex	bam.parser.sex	bam_sex_normalized_v1	smoke	benchmark_ready	fastq_bam_command_adapter	1	1	invoke	/bin/sh	benchmarks/readiness/rendered-commands-all-domains.sh	benchmarks/readiness/rendered-commands-all-domains.argv.jsonl	covered	active row `bam` / `bam.sex` / `angsd` keeps one local benchmark job row in `benchmarks/readiness/rendered-commands-all-domains.sh` and `benchmarks/readiness/rendered-commands-all-domains.argv.jsonl` through `fastq_bam_command_adapter`
bam:corpus-01-adna-bam-mini:bam.sex:sample-set:rxy	bam	bam.sex	rxy	corpus-01-adna-bam-mini	reference_fasta	bam.adapter.sex	bam.parser.sex	bam_sex_normalized_v1	smoke	benchmark_ready	fastq_bam_command_adapter	1	1	invoke	/bin/sh	benchmarks/readiness/rendered-commands-all-domains.sh	benchmarks/readiness/rendered-commands-all-domains.argv.jsonl	covered	active row `bam` / `bam.sex` / `rxy` keeps one local benchmark job row in `benchmarks/readiness/rendered-commands-all-domains.sh` and `benchmarks/readiness/rendered-commands-all-domains.argv.jsonl` through `fastq_bam_command_adapter`
bam:corpus-01-adna-bam-mini:bam.sex:sample-set:yleaf	bam	bam.sex	yleaf	corpus-01-adna-bam-mini	reference_fasta	bam.adapter.sex	bam.parser.sex	bam_sex_normalized_v1	smoke	benchmark_ready	fastq_bam_command_adapter	1	1	invoke	/bin/sh	benchmarks/readiness/rendered-commands-all-domains.sh	benchmarks/readiness/rendered-commands-all-domains.argv.jsonl	covered	active row `bam` / `bam.sex` / `yleaf` keeps one local benchmark job row in `benchmarks/readiness/rendered-commands-all-domains.sh` and `benchmarks/readiness/rendered-commands-all-domains.argv.jsonl` through `fastq_bam_command_adapter`
bam:corpus-01-bam-mini:bam.validate:sample-set:bamtools	bam	bam.validate	bamtools	corpus-01-bam-mini	corpus_only	bam.adapter.validate	bam.parser.validate	bam_validate_normalized_v1	smoke	benchmark_ready	fastq_bam_command_adapter	1	1	invoke	/bin/sh	benchmarks/readiness/rendered-commands-all-domains.sh	benchmarks/readiness/rendered-commands-all-domains.argv.jsonl	covered	active row `bam` / `bam.validate` / `bamtools` keeps one local benchmark job row in `benchmarks/readiness/rendered-commands-all-domains.sh` and `benchmarks/readiness/rendered-commands-all-domains.argv.jsonl` through `fastq_bam_command_adapter`
bam:corpus-01-bam-mini:bam.validate:sample-set:bedtools	bam	bam.validate	bedtools	corpus-01-bam-mini	corpus_only	bam.adapter.validate	bam.parser.validate	bam_validate_normalized_v1	smoke	benchmark_ready	fastq_bam_command_adapter	1	1	invoke	/bin/sh	benchmarks/readiness/rendered-commands-all-domains.sh	benchmarks/readiness/rendered-commands-all-domains.argv.jsonl	covered	active row `bam` / `bam.validate` / `bedtools` keeps one local benchmark job row in `benchmarks/readiness/rendered-commands-all-domains.sh` and `benchmarks/readiness/rendered-commands-all-domains.argv.jsonl` through `fastq_bam_command_adapter`
bam:corpus-01-bam-mini:bam.validate:sample-set:samtools	bam	bam.validate	samtools	corpus-01-bam-mini	corpus_only	bam.adapter.validate	bam.parser.validate	bam_validate_normalized_v1	smoke	benchmark_ready	fastq_bam_command_adapter	1	1	invoke	/bin/sh	benchmarks/readiness/rendered-commands-all-domains.sh	benchmarks/readiness/rendered-commands-all-domains.argv.jsonl	covered	active row `bam` / `bam.validate` / `samtools` keeps one local benchmark job row in `benchmarks/readiness/rendered-commands-all-domains.sh` and `benchmarks/readiness/rendered-commands-all-domains.argv.jsonl` through `fastq_bam_command_adapter`
fastq:corpus-03-amplicon-mini:fastq.cluster_otus:sample-set:vsearch	fastq	fastq.cluster_otus	vsearch	corpus-03-amplicon-mini	corpus_only	fastq.adapter.cluster_otus	fastq.parser.cluster_otus	fastq_cluster_otus_v1	smoke	benchmark_ready	fastq_bam_command_adapter	1	1	invoke	vsearch	benchmarks/readiness/rendered-commands-all-domains.sh	benchmarks/readiness/rendered-commands-all-domains.argv.jsonl	covered	active row `fastq` / `fastq.cluster_otus` / `vsearch` keeps one local benchmark job row in `benchmarks/readiness/rendered-commands-all-domains.sh` and `benchmarks/readiness/rendered-commands-all-domains.argv.jsonl` through `fastq_bam_command_adapter`
fastq:corpus-01-mini:fastq.correct_errors:sample-set:bayeshammer	fastq	fastq.correct_errors	bayeshammer	corpus-01-mini	corpus_only	fastq.adapter.correct_errors	fastq.parser.correct_errors	fastq_correct_errors_v1	dry_or_smoke	benchmark_ready	fastq_bam_command_adapter	1	1	invoke	sh	benchmarks/readiness/rendered-commands-all-domains.sh	benchmarks/readiness/rendered-commands-all-domains.argv.jsonl	covered	active row `fastq` / `fastq.correct_errors` / `bayeshammer` keeps one local benchmark job row in `benchmarks/readiness/rendered-commands-all-domains.sh` and `benchmarks/readiness/rendered-commands-all-domains.argv.jsonl` through `fastq_bam_command_adapter`
fastq:corpus-01-mini:fastq.correct_errors:sample-set:lighter	fastq	fastq.correct_errors	lighter	corpus-01-mini	corpus_only	fastq.adapter.correct_errors	fastq.parser.correct_errors	fastq_correct_errors_v1	dry_or_smoke	benchmark_ready	fastq_bam_command_adapter	1	1	invoke	sh	benchmarks/readiness/rendered-commands-all-domains.sh	benchmarks/readiness/rendered-commands-all-domains.argv.jsonl	covered	active row `fastq` / `fastq.correct_errors` / `lighter` keeps one local benchmark job row in `benchmarks/readiness/rendered-commands-all-domains.sh` and `benchmarks/readiness/rendered-commands-all-domains.argv.jsonl` through `fastq_bam_command_adapter`
fastq:corpus-01-mini:fastq.correct_errors:sample-set:musket	fastq	fastq.correct_errors	musket	corpus-01-mini	corpus_only	fastq.adapter.correct_errors	fastq.parser.correct_errors	fastq_correct_errors_v1	dry_or_smoke	benchmark_ready	fastq_bam_command_adapter	1	1	invoke	sh	benchmarks/readiness/rendered-commands-all-domains.sh	benchmarks/readiness/rendered-commands-all-domains.argv.jsonl	covered	active row `fastq` / `fastq.correct_errors` / `musket` keeps one local benchmark job row in `benchmarks/readiness/rendered-commands-all-domains.sh` and `benchmarks/readiness/rendered-commands-all-domains.argv.jsonl` through `fastq_bam_command_adapter`
fastq:corpus-01-mini:fastq.correct_errors:sample-set:rcorrector	fastq	fastq.correct_errors	rcorrector	corpus-01-mini	corpus_only	fastq.adapter.correct_errors	fastq.parser.correct_errors	fastq_correct_errors_v1	dry_or_smoke	benchmark_ready	fastq_bam_command_adapter	1	1	invoke	sh	benchmarks/readiness/rendered-commands-all-domains.sh	benchmarks/readiness/rendered-commands-all-domains.argv.jsonl	covered	active row `fastq` / `fastq.correct_errors` / `rcorrector` keeps one local benchmark job row in `benchmarks/readiness/rendered-commands-all-domains.sh` and `benchmarks/readiness/rendered-commands-all-domains.argv.jsonl` through `fastq_bam_command_adapter`
fastq:corpus-01-mini:fastq.deplete_host:sample-set:bowtie2	fastq	fastq.deplete_host	bowtie2	corpus-01-mini	reference_catalog_id+reference_index_artifact_id	fastq.adapter.deplete_host	fastq.parser.deplete_host	fastq_deplete_host_v1	dry_or_smoke	benchmark_ready	fastq_bam_command_adapter	1	1	invoke	bowtie2	benchmarks/readiness/rendered-commands-all-domains.sh	benchmarks/readiness/rendered-commands-all-domains.argv.jsonl	covered	active row `fastq` / `fastq.deplete_host` / `bowtie2` keeps one local benchmark job row in `benchmarks/readiness/rendered-commands-all-domains.sh` and `benchmarks/readiness/rendered-commands-all-domains.argv.jsonl` through `fastq_bam_command_adapter`
fastq:corpus-01-mini:fastq.deplete_reference_contaminants:sample-set:bowtie2	fastq	fastq.deplete_reference_contaminants	bowtie2	corpus-01-mini	reference_catalog_id+reference_index_artifact_id	fastq.adapter.deplete_reference_contaminants	fastq.parser.deplete_reference_contaminants	fastq_deplete_reference_contaminants_v1	dry_or_smoke	benchmark_ready	fastq_bam_command_adapter	1	1	invoke	bowtie2	benchmarks/readiness/rendered-commands-all-domains.sh	benchmarks/readiness/rendered-commands-all-domains.argv.jsonl	covered	active row `fastq` / `fastq.deplete_reference_contaminants` / `bowtie2` keeps one local benchmark job row in `benchmarks/readiness/rendered-commands-all-domains.sh` and `benchmarks/readiness/rendered-commands-all-domains.argv.jsonl` through `fastq_bam_command_adapter`
fastq:corpus-01-mini:fastq.deplete_rrna:sample-set:sortmerna	fastq	fastq.deplete_rrna	sortmerna	corpus-01-mini	database_artifact_id+rrna_reference	fastq.adapter.deplete_rrna	fastq.parser.deplete_rrna	fastq_deplete_rrna_v2	dry_or_smoke	benchmark_ready	fastq_bam_command_adapter	1	1	invoke	bash	benchmarks/readiness/rendered-commands-all-domains.sh	benchmarks/readiness/rendered-commands-all-domains.argv.jsonl	covered	active row `fastq` / `fastq.deplete_rrna` / `sortmerna` keeps one local benchmark job row in `benchmarks/readiness/rendered-commands-all-domains.sh` and `benchmarks/readiness/rendered-commands-all-domains.argv.jsonl` through `fastq_bam_command_adapter`
fastq:corpus-01-mini:fastq.detect_adapters:sample-set:fastqc	fastq	fastq.detect_adapters	fastqc	corpus-01-mini	corpus_only	fastq.adapter.detect_adapters	fastq.parser.detect_adapters	fastq_detect_adapters_v1	smoke	benchmark_ready	fastq_bam_command_adapter	1	1	invoke	sh	benchmarks/readiness/rendered-commands-all-domains.sh	benchmarks/readiness/rendered-commands-all-domains.argv.jsonl	covered	active row `fastq` / `fastq.detect_adapters` / `fastqc` keeps one local benchmark job row in `benchmarks/readiness/rendered-commands-all-domains.sh` and `benchmarks/readiness/rendered-commands-all-domains.argv.jsonl` through `fastq_bam_command_adapter`
fastq:corpus-01-mini:fastq.detect_duplicates_premerge:sample-set:bijux_dna	fastq	fastq.detect_duplicates_premerge	bijux_dna	corpus-01-mini	corpus_only	fastq.adapter.detect_duplicates_premerge	fastq.parser.detect_duplicates_premerge	fastq_detect_duplicates_premerge_v1	smoke	benchmark_ready	fastq_bam_command_adapter	1	1	invoke	bijux-dna	benchmarks/readiness/rendered-commands-all-domains.sh	benchmarks/readiness/rendered-commands-all-domains.argv.jsonl	covered	active row `fastq` / `fastq.detect_duplicates_premerge` / `bijux_dna` keeps one local benchmark job row in `benchmarks/readiness/rendered-commands-all-domains.sh` and `benchmarks/readiness/rendered-commands-all-domains.argv.jsonl` through `fastq_bam_command_adapter`
fastq:corpus-01-mini:fastq.extract_umis:sample-set:umi_tools	fastq	fastq.extract_umis	umi_tools	corpus-01-mini	corpus_only	fastq.adapter.extract_umis	fastq.parser.extract_umis	fastq_extract_umis_v1	smoke	benchmark_ready	fastq_bam_command_adapter	1	1	invoke	umi_tools	benchmarks/readiness/rendered-commands-all-domains.sh	benchmarks/readiness/rendered-commands-all-domains.argv.jsonl	covered	active row `fastq` / `fastq.extract_umis` / `umi_tools` keeps one local benchmark job row in `benchmarks/readiness/rendered-commands-all-domains.sh` and `benchmarks/readiness/rendered-commands-all-domains.argv.jsonl` through `fastq_bam_command_adapter`
fastq:corpus-01-mini:fastq.filter_low_complexity:sample-set:bbduk	fastq	fastq.filter_low_complexity	bbduk	corpus-01-mini	corpus_only	fastq.adapter.filter_low_complexity	fastq.parser.filter_low_complexity	fastq_low_complexity_v1	smoke	benchmark_ready	fastq_bam_command_adapter	1	1	invoke	bbduk	benchmarks/readiness/rendered-commands-all-domains.sh	benchmarks/readiness/rendered-commands-all-domains.argv.jsonl	covered	active row `fastq` / `fastq.filter_low_complexity` / `bbduk` keeps one local benchmark job row in `benchmarks/readiness/rendered-commands-all-domains.sh` and `benchmarks/readiness/rendered-commands-all-domains.argv.jsonl` through `fastq_bam_command_adapter`
fastq:corpus-01-mini:fastq.filter_low_complexity:sample-set:prinseq	fastq	fastq.filter_low_complexity	prinseq	corpus-01-mini	corpus_only	fastq.adapter.filter_low_complexity	fastq.parser.filter_low_complexity	fastq_low_complexity_v1	smoke	benchmark_ready	fastq_bam_command_adapter	1	1	invoke	prinseq++	benchmarks/readiness/rendered-commands-all-domains.sh	benchmarks/readiness/rendered-commands-all-domains.argv.jsonl	covered	active row `fastq` / `fastq.filter_low_complexity` / `prinseq` keeps one local benchmark job row in `benchmarks/readiness/rendered-commands-all-domains.sh` and `benchmarks/readiness/rendered-commands-all-domains.argv.jsonl` through `fastq_bam_command_adapter`
fastq:corpus-01-mini:fastq.filter_reads:sample-set:bbduk	fastq	fastq.filter_reads	bbduk	corpus-01-mini	corpus_only	fastq.adapter.filter_reads	fastq.parser.filter_reads	fastq_filter_reads_v2	smoke	benchmark_ready	fastq_bam_command_adapter	1	1	invoke	bbduk	benchmarks/readiness/rendered-commands-all-domains.sh	benchmarks/readiness/rendered-commands-all-domains.argv.jsonl	covered	active row `fastq` / `fastq.filter_reads` / `bbduk` keeps one local benchmark job row in `benchmarks/readiness/rendered-commands-all-domains.sh` and `benchmarks/readiness/rendered-commands-all-domains.argv.jsonl` through `fastq_bam_command_adapter`
fastq:corpus-01-mini:fastq.filter_reads:sample-set:fastp	fastq	fastq.filter_reads	fastp	corpus-01-mini	corpus_only	fastq.adapter.filter_reads	fastq.parser.filter_reads	fastq_filter_reads_v2	smoke	benchmark_ready	fastq_bam_command_adapter	1	1	invoke	fastp	benchmarks/readiness/rendered-commands-all-domains.sh	benchmarks/readiness/rendered-commands-all-domains.argv.jsonl	covered	active row `fastq` / `fastq.filter_reads` / `fastp` keeps one local benchmark job row in `benchmarks/readiness/rendered-commands-all-domains.sh` and `benchmarks/readiness/rendered-commands-all-domains.argv.jsonl` through `fastq_bam_command_adapter`
fastq:corpus-01-mini:fastq.filter_reads:sample-set:prinseq	fastq	fastq.filter_reads	prinseq	corpus-01-mini	corpus_only	fastq.adapter.filter_reads	fastq.parser.filter_reads	fastq_filter_reads_v2	smoke	benchmark_ready	fastq_bam_command_adapter	1	1	invoke	prinseq++	benchmarks/readiness/rendered-commands-all-domains.sh	benchmarks/readiness/rendered-commands-all-domains.argv.jsonl	covered	active row `fastq` / `fastq.filter_reads` / `prinseq` keeps one local benchmark job row in `benchmarks/readiness/rendered-commands-all-domains.sh` and `benchmarks/readiness/rendered-commands-all-domains.argv.jsonl` through `fastq_bam_command_adapter`
fastq:corpus-01-mini:fastq.filter_reads:sample-set:seqkit	fastq	fastq.filter_reads	seqkit	corpus-01-mini	corpus_only	fastq.adapter.filter_reads	fastq.parser.filter_reads	fastq_filter_reads_v2	smoke	benchmark_ready	fastq_bam_command_adapter	1	1	invoke	seqkit	benchmarks/readiness/rendered-commands-all-domains.sh	benchmarks/readiness/rendered-commands-all-domains.argv.jsonl	covered	active row `fastq` / `fastq.filter_reads` / `seqkit` keeps one local benchmark job row in `benchmarks/readiness/rendered-commands-all-domains.sh` and `benchmarks/readiness/rendered-commands-all-domains.argv.jsonl` through `fastq_bam_command_adapter`
fastq:corpus-03-amplicon-mini:fastq.infer_asvs:sample-set:dada2	fastq	fastq.infer_asvs	dada2	corpus-03-amplicon-mini	corpus_only	fastq.adapter.infer_asvs	fastq.parser.infer_asvs	fastq_infer_asvs_v1	smoke	benchmark_ready	fastq_bam_command_adapter	1	1	invoke	dada2	benchmarks/readiness/rendered-commands-all-domains.sh	benchmarks/readiness/rendered-commands-all-domains.argv.jsonl	covered	active row `fastq` / `fastq.infer_asvs` / `dada2` keeps one local benchmark job row in `benchmarks/readiness/rendered-commands-all-domains.sh` and `benchmarks/readiness/rendered-commands-all-domains.argv.jsonl` through `fastq_bam_command_adapter`
fastq:corpus-01-mini:fastq.merge_pairs:sample-set:adapterremoval	fastq	fastq.merge_pairs	adapterremoval	corpus-01-mini	corpus_only	fastq.adapter.merge_pairs	fastq.parser.merge_pairs	fastq_merge_pairs_v1	smoke	benchmark_ready	fastq_bam_command_adapter	1	1	invoke	bash	benchmarks/readiness/rendered-commands-all-domains.sh	benchmarks/readiness/rendered-commands-all-domains.argv.jsonl	covered	active row `fastq` / `fastq.merge_pairs` / `adapterremoval` keeps one local benchmark job row in `benchmarks/readiness/rendered-commands-all-domains.sh` and `benchmarks/readiness/rendered-commands-all-domains.argv.jsonl` through `fastq_bam_command_adapter`
fastq:corpus-01-mini:fastq.merge_pairs:sample-set:bbmerge	fastq	fastq.merge_pairs	bbmerge	corpus-01-mini	corpus_only	fastq.adapter.merge_pairs	fastq.parser.merge_pairs	fastq_merge_pairs_v1	smoke	benchmark_ready	fastq_bam_command_adapter	1	1	invoke	bash	benchmarks/readiness/rendered-commands-all-domains.sh	benchmarks/readiness/rendered-commands-all-domains.argv.jsonl	covered	active row `fastq` / `fastq.merge_pairs` / `bbmerge` keeps one local benchmark job row in `benchmarks/readiness/rendered-commands-all-domains.sh` and `benchmarks/readiness/rendered-commands-all-domains.argv.jsonl` through `fastq_bam_command_adapter`
fastq:corpus-01-mini:fastq.merge_pairs:sample-set:flash2	fastq	fastq.merge_pairs	flash2	corpus-01-mini	corpus_only	fastq.adapter.merge_pairs	fastq.parser.merge_pairs	fastq_merge_pairs_v1	smoke	benchmark_ready	fastq_bam_command_adapter	1	1	invoke	bash	benchmarks/readiness/rendered-commands-all-domains.sh	benchmarks/readiness/rendered-commands-all-domains.argv.jsonl	covered	active row `fastq` / `fastq.merge_pairs` / `flash2` keeps one local benchmark job row in `benchmarks/readiness/rendered-commands-all-domains.sh` and `benchmarks/readiness/rendered-commands-all-domains.argv.jsonl` through `fastq_bam_command_adapter`
fastq:corpus-01-mini:fastq.merge_pairs:sample-set:leehom	fastq	fastq.merge_pairs	leehom	corpus-01-mini	corpus_only	fastq.adapter.merge_pairs	fastq.parser.merge_pairs	fastq_merge_pairs_v1	smoke	benchmark_ready	fastq_bam_command_adapter	1	1	invoke	bash	benchmarks/readiness/rendered-commands-all-domains.sh	benchmarks/readiness/rendered-commands-all-domains.argv.jsonl	covered	active row `fastq` / `fastq.merge_pairs` / `leehom` keeps one local benchmark job row in `benchmarks/readiness/rendered-commands-all-domains.sh` and `benchmarks/readiness/rendered-commands-all-domains.argv.jsonl` through `fastq_bam_command_adapter`
fastq:corpus-01-mini:fastq.merge_pairs:sample-set:pear	fastq	fastq.merge_pairs	pear	corpus-01-mini	corpus_only	fastq.adapter.merge_pairs	fastq.parser.merge_pairs	fastq_merge_pairs_v1	smoke	benchmark_ready	fastq_bam_command_adapter	1	1	invoke	bash	benchmarks/readiness/rendered-commands-all-domains.sh	benchmarks/readiness/rendered-commands-all-domains.argv.jsonl	covered	active row `fastq` / `fastq.merge_pairs` / `pear` keeps one local benchmark job row in `benchmarks/readiness/rendered-commands-all-domains.sh` and `benchmarks/readiness/rendered-commands-all-domains.argv.jsonl` through `fastq_bam_command_adapter`
fastq:corpus-01-mini:fastq.merge_pairs:sample-set:vsearch	fastq	fastq.merge_pairs	vsearch	corpus-01-mini	corpus_only	fastq.adapter.merge_pairs	fastq.parser.merge_pairs	fastq_merge_pairs_v1	smoke	benchmark_ready	fastq_bam_command_adapter	1	1	invoke	bash	benchmarks/readiness/rendered-commands-all-domains.sh	benchmarks/readiness/rendered-commands-all-domains.argv.jsonl	covered	active row `fastq` / `fastq.merge_pairs` / `vsearch` keeps one local benchmark job row in `benchmarks/readiness/rendered-commands-all-domains.sh` and `benchmarks/readiness/rendered-commands-all-domains.argv.jsonl` through `fastq_bam_command_adapter`
fastq:corpus-03-amplicon-mini:fastq.normalize_abundance:sample-set:seqkit	fastq	fastq.normalize_abundance	seqkit	corpus-03-amplicon-mini	corpus_only	fastq.adapter.normalize_abundance	fastq.parser.normalize_abundance	fastq_normalize_abundance_v1	smoke	benchmark_ready	fastq_bam_command_adapter	1	1	invoke	bash	benchmarks/readiness/rendered-commands-all-domains.sh	benchmarks/readiness/rendered-commands-all-domains.argv.jsonl	covered	active row `fastq` / `fastq.normalize_abundance` / `seqkit` keeps one local benchmark job row in `benchmarks/readiness/rendered-commands-all-domains.sh` and `benchmarks/readiness/rendered-commands-all-domains.argv.jsonl` through `fastq_bam_command_adapter`
fastq:corpus-03-amplicon-mini:fastq.normalize_primers:sample-set:cutadapt	fastq	fastq.normalize_primers	cutadapt	corpus-03-amplicon-mini	corpus_only	fastq.adapter.normalize_primers	fastq.parser.normalize_primers	fastq_normalize_primers_v1	smoke	benchmark_ready	fastq_bam_command_adapter	1	1	invoke	bash	benchmarks/readiness/rendered-commands-all-domains.sh	benchmarks/readiness/rendered-commands-all-domains.argv.jsonl	covered	active row `fastq` / `fastq.normalize_primers` / `cutadapt` keeps one local benchmark job row in `benchmarks/readiness/rendered-commands-all-domains.sh` and `benchmarks/readiness/rendered-commands-all-domains.argv.jsonl` through `fastq_bam_command_adapter`
fastq:corpus-01-mini:fastq.profile_read_lengths:sample-set:fastp	fastq	fastq.profile_read_lengths	fastp	corpus-01-mini	corpus_only	fastq.adapter.profile_read_lengths	fastq.parser.profile_read_lengths	fastq_profile_read_lengths_v1	smoke	benchmark_ready	fastq_bam_command_adapter	1	1	invoke	fastp	benchmarks/readiness/rendered-commands-all-domains.sh	benchmarks/readiness/rendered-commands-all-domains.argv.jsonl	covered	active row `fastq` / `fastq.profile_read_lengths` / `fastp` keeps one local benchmark job row in `benchmarks/readiness/rendered-commands-all-domains.sh` and `benchmarks/readiness/rendered-commands-all-domains.argv.jsonl` through `fastq_bam_command_adapter`
fastq:corpus-01-mini:fastq.profile_read_lengths:sample-set:prinseq	fastq	fastq.profile_read_lengths	prinseq	corpus-01-mini	corpus_only	fastq.adapter.profile_read_lengths	fastq.parser.profile_read_lengths	fastq_profile_read_lengths_v1	smoke	benchmark_ready	fastq_bam_command_adapter	1	1	invoke	prinseq++	benchmarks/readiness/rendered-commands-all-domains.sh	benchmarks/readiness/rendered-commands-all-domains.argv.jsonl	covered	active row `fastq` / `fastq.profile_read_lengths` / `prinseq` keeps one local benchmark job row in `benchmarks/readiness/rendered-commands-all-domains.sh` and `benchmarks/readiness/rendered-commands-all-domains.argv.jsonl` through `fastq_bam_command_adapter`
fastq:corpus-01-mini:fastq.profile_read_lengths:sample-set:seqfu	fastq	fastq.profile_read_lengths	seqfu	corpus-01-mini	corpus_only	fastq.adapter.profile_read_lengths	fastq.parser.profile_read_lengths	fastq_profile_read_lengths_v1	smoke	benchmark_ready	fastq_bam_command_adapter	1	1	invoke	seqfu	benchmarks/readiness/rendered-commands-all-domains.sh	benchmarks/readiness/rendered-commands-all-domains.argv.jsonl	covered	active row `fastq` / `fastq.profile_read_lengths` / `seqfu` keeps one local benchmark job row in `benchmarks/readiness/rendered-commands-all-domains.sh` and `benchmarks/readiness/rendered-commands-all-domains.argv.jsonl` through `fastq_bam_command_adapter`
fastq:corpus-01-mini:fastq.profile_read_lengths:sample-set:seqkit_stats	fastq	fastq.profile_read_lengths	seqkit_stats	corpus-01-mini	corpus_only	fastq.adapter.profile_read_lengths	fastq.parser.profile_read_lengths	fastq_profile_read_lengths_v1	smoke	benchmark_ready	fastq_bam_command_adapter	1	1	invoke	seqkit_stats	benchmarks/readiness/rendered-commands-all-domains.sh	benchmarks/readiness/rendered-commands-all-domains.argv.jsonl	covered	active row `fastq` / `fastq.profile_read_lengths` / `seqkit_stats` keeps one local benchmark job row in `benchmarks/readiness/rendered-commands-all-domains.sh` and `benchmarks/readiness/rendered-commands-all-domains.argv.jsonl` through `fastq_bam_command_adapter`
fastq:corpus-01-mini:fastq.profile_reads:sample-set:seqfu	fastq	fastq.profile_reads	seqfu	corpus-01-mini	corpus_only	fastq.adapter.profile_reads	fastq.parser.profile_reads	fastq_profile_reads_v1	smoke	benchmark_ready	fastq_bam_command_adapter	1	1	invoke	seqfu	benchmarks/readiness/rendered-commands-all-domains.sh	benchmarks/readiness/rendered-commands-all-domains.argv.jsonl	covered	active row `fastq` / `fastq.profile_reads` / `seqfu` keeps one local benchmark job row in `benchmarks/readiness/rendered-commands-all-domains.sh` and `benchmarks/readiness/rendered-commands-all-domains.argv.jsonl` through `fastq_bam_command_adapter`
fastq:corpus-01-mini:fastq.profile_reads:sample-set:seqkit	fastq	fastq.profile_reads	seqkit	corpus-01-mini	corpus_only	fastq.adapter.profile_reads	fastq.parser.profile_reads	fastq_profile_reads_v1	smoke	benchmark_ready	fastq_bam_command_adapter	1	1	invoke	seqkit	benchmarks/readiness/rendered-commands-all-domains.sh	benchmarks/readiness/rendered-commands-all-domains.argv.jsonl	covered	active row `fastq` / `fastq.profile_reads` / `seqkit` keeps one local benchmark job row in `benchmarks/readiness/rendered-commands-all-domains.sh` and `benchmarks/readiness/rendered-commands-all-domains.argv.jsonl` through `fastq_bam_command_adapter`
fastq:corpus-01-mini:fastq.profile_reads:sample-set:seqkit_stats	fastq	fastq.profile_reads	seqkit_stats	corpus-01-mini	corpus_only	fastq.adapter.profile_reads	fastq.parser.profile_reads	fastq_profile_reads_v1	smoke	benchmark_ready	fastq_bam_command_adapter	1	1	invoke	seqkit_stats	benchmarks/readiness/rendered-commands-all-domains.sh	benchmarks/readiness/rendered-commands-all-domains.argv.jsonl	covered	active row `fastq` / `fastq.profile_reads` / `seqkit_stats` keeps one local benchmark job row in `benchmarks/readiness/rendered-commands-all-domains.sh` and `benchmarks/readiness/rendered-commands-all-domains.argv.jsonl` through `fastq_bam_command_adapter`
fastq:corpus-03-amplicon-mini:fastq.remove_chimeras:sample-set:vsearch	fastq	fastq.remove_chimeras	vsearch	corpus-03-amplicon-mini	corpus_only	fastq.adapter.remove_chimeras	fastq.parser.remove_chimeras	fastq_remove_chimeras_v1	smoke	benchmark_ready	fastq_bam_command_adapter	1	1	invoke	vsearch	benchmarks/readiness/rendered-commands-all-domains.sh	benchmarks/readiness/rendered-commands-all-domains.argv.jsonl	covered	active row `fastq` / `fastq.remove_chimeras` / `vsearch` keeps one local benchmark job row in `benchmarks/readiness/rendered-commands-all-domains.sh` and `benchmarks/readiness/rendered-commands-all-domains.argv.jsonl` through `fastq_bam_command_adapter`
fastq:corpus-01-mini:fastq.remove_duplicates:sample-set:clumpify	fastq	fastq.remove_duplicates	clumpify	corpus-01-mini	corpus_only	fastq.adapter.remove_duplicates	fastq.parser.remove_duplicates	fastq_deduplicate_v1	smoke	benchmark_ready	fastq_bam_command_adapter	1	1	invoke	bash	benchmarks/readiness/rendered-commands-all-domains.sh	benchmarks/readiness/rendered-commands-all-domains.argv.jsonl	covered	active row `fastq` / `fastq.remove_duplicates` / `clumpify` keeps one local benchmark job row in `benchmarks/readiness/rendered-commands-all-domains.sh` and `benchmarks/readiness/rendered-commands-all-domains.argv.jsonl` through `fastq_bam_command_adapter`
fastq:corpus-01-mini:fastq.remove_duplicates:sample-set:fastuniq	fastq	fastq.remove_duplicates	fastuniq	corpus-01-mini	corpus_only	fastq.adapter.remove_duplicates	fastq.parser.remove_duplicates	fastq_deduplicate_v1	smoke	benchmark_ready	fastq_bam_command_adapter	1	1	invoke	bash	benchmarks/readiness/rendered-commands-all-domains.sh	benchmarks/readiness/rendered-commands-all-domains.argv.jsonl	covered	active row `fastq` / `fastq.remove_duplicates` / `fastuniq` keeps one local benchmark job row in `benchmarks/readiness/rendered-commands-all-domains.sh` and `benchmarks/readiness/rendered-commands-all-domains.argv.jsonl` through `fastq_bam_command_adapter`
fastq:corpus-02-edna-mini:fastq.screen_taxonomy:sample-set:centrifuge	fastq	fastq.screen_taxonomy	centrifuge	corpus-02-edna-mini	database_artifact_id+taxonomy_database_root	fastq.adapter.screen_taxonomy	fastq.parser.screen_taxonomy	fastq_screen_taxonomy_v1	dry_or_smoke	benchmark_ready	fastq_bam_command_adapter	1	1	invoke	sh	benchmarks/readiness/rendered-commands-all-domains.sh	benchmarks/readiness/rendered-commands-all-domains.argv.jsonl	covered	active row `fastq` / `fastq.screen_taxonomy` / `centrifuge` keeps one local benchmark job row in `benchmarks/readiness/rendered-commands-all-domains.sh` and `benchmarks/readiness/rendered-commands-all-domains.argv.jsonl` through `fastq_bam_command_adapter`
fastq:corpus-02-edna-mini:fastq.screen_taxonomy:sample-set:kaiju	fastq	fastq.screen_taxonomy	kaiju	corpus-02-edna-mini	database_artifact_id+taxonomy_database_root	fastq.adapter.screen_taxonomy	fastq.parser.screen_taxonomy	fastq_screen_taxonomy_v1	dry_or_smoke	benchmark_ready	fastq_bam_command_adapter	1	1	invoke	sh	benchmarks/readiness/rendered-commands-all-domains.sh	benchmarks/readiness/rendered-commands-all-domains.argv.jsonl	covered	active row `fastq` / `fastq.screen_taxonomy` / `kaiju` keeps one local benchmark job row in `benchmarks/readiness/rendered-commands-all-domains.sh` and `benchmarks/readiness/rendered-commands-all-domains.argv.jsonl` through `fastq_bam_command_adapter`
fastq:corpus-02-edna-mini:fastq.screen_taxonomy:sample-set:kraken2	fastq	fastq.screen_taxonomy	kraken2	corpus-02-edna-mini	database_artifact_id+taxonomy_database_root	fastq.adapter.screen_taxonomy	fastq.parser.screen_taxonomy	fastq_screen_taxonomy_v1	dry_or_smoke	benchmark_ready	fastq_bam_command_adapter	1	1	invoke	sh	benchmarks/readiness/rendered-commands-all-domains.sh	benchmarks/readiness/rendered-commands-all-domains.argv.jsonl	covered	active row `fastq` / `fastq.screen_taxonomy` / `kraken2` keeps one local benchmark job row in `benchmarks/readiness/rendered-commands-all-domains.sh` and `benchmarks/readiness/rendered-commands-all-domains.argv.jsonl` through `fastq_bam_command_adapter`
fastq:corpus-02-edna-mini:fastq.screen_taxonomy:sample-set:krakenuniq	fastq	fastq.screen_taxonomy	krakenuniq	corpus-02-edna-mini	database_artifact_id+taxonomy_database_root	fastq.adapter.screen_taxonomy	fastq.parser.screen_taxonomy	fastq_screen_taxonomy_v1	dry_or_smoke	benchmark_ready	fastq_bam_command_adapter	1	1	invoke	sh	benchmarks/readiness/rendered-commands-all-domains.sh	benchmarks/readiness/rendered-commands-all-domains.argv.jsonl	covered	active row `fastq` / `fastq.screen_taxonomy` / `krakenuniq` keeps one local benchmark job row in `benchmarks/readiness/rendered-commands-all-domains.sh` and `benchmarks/readiness/rendered-commands-all-domains.argv.jsonl` through `fastq_bam_command_adapter`
fastq:corpus-01-mini:fastq.trim_polyg_tails:sample-set:bbduk	fastq	fastq.trim_polyg_tails	bbduk	corpus-01-mini	corpus_only	fastq.adapter.trim_polyg_tails	fastq.parser.trim_polyg_tails	fastq_trim_polyg_tails_v1	smoke	benchmark_ready	fastq_bam_command_adapter	1	1	invoke	sh	benchmarks/readiness/rendered-commands-all-domains.sh	benchmarks/readiness/rendered-commands-all-domains.argv.jsonl	covered	active row `fastq` / `fastq.trim_polyg_tails` / `bbduk` keeps one local benchmark job row in `benchmarks/readiness/rendered-commands-all-domains.sh` and `benchmarks/readiness/rendered-commands-all-domains.argv.jsonl` through `fastq_bam_command_adapter`
fastq:corpus-01-mini:fastq.trim_polyg_tails:sample-set:fastp	fastq	fastq.trim_polyg_tails	fastp	corpus-01-mini	corpus_only	fastq.adapter.trim_polyg_tails	fastq.parser.trim_polyg_tails	fastq_trim_polyg_tails_v1	smoke	benchmark_ready	fastq_bam_command_adapter	1	1	invoke	sh	benchmarks/readiness/rendered-commands-all-domains.sh	benchmarks/readiness/rendered-commands-all-domains.argv.jsonl	covered	active row `fastq` / `fastq.trim_polyg_tails` / `fastp` keeps one local benchmark job row in `benchmarks/readiness/rendered-commands-all-domains.sh` and `benchmarks/readiness/rendered-commands-all-domains.argv.jsonl` through `fastq_bam_command_adapter`
fastq:corpus-01-mini:fastq.trim_reads:sample-set:adapterremoval	fastq	fastq.trim_reads	adapterremoval	corpus-01-mini	corpus_only	fastq.adapter.trim_reads	fastq.parser.trim_reads	fastq_trim_reads_v2	smoke	benchmark_ready	fastq_bam_command_adapter	1	1	invoke	sh	benchmarks/readiness/rendered-commands-all-domains.sh	benchmarks/readiness/rendered-commands-all-domains.argv.jsonl	covered	active row `fastq` / `fastq.trim_reads` / `adapterremoval` keeps one local benchmark job row in `benchmarks/readiness/rendered-commands-all-domains.sh` and `benchmarks/readiness/rendered-commands-all-domains.argv.jsonl` through `fastq_bam_command_adapter`
fastq:corpus-01-mini:fastq.trim_reads:sample-set:alientrimmer	fastq	fastq.trim_reads	alientrimmer	corpus-01-mini	corpus_only	fastq.adapter.trim_reads	fastq.parser.trim_reads	fastq_trim_reads_v2	smoke	benchmark_ready	fastq_bam_command_adapter	1	1	invoke	sh	benchmarks/readiness/rendered-commands-all-domains.sh	benchmarks/readiness/rendered-commands-all-domains.argv.jsonl	covered	active row `fastq` / `fastq.trim_reads` / `alientrimmer` keeps one local benchmark job row in `benchmarks/readiness/rendered-commands-all-domains.sh` and `benchmarks/readiness/rendered-commands-all-domains.argv.jsonl` through `fastq_bam_command_adapter`
fastq:corpus-01-mini:fastq.trim_reads:sample-set:atropos	fastq	fastq.trim_reads	atropos	corpus-01-mini	corpus_only	fastq.adapter.trim_reads	fastq.parser.trim_reads	fastq_trim_reads_v2	smoke	benchmark_ready	fastq_bam_command_adapter	1	1	invoke	sh	benchmarks/readiness/rendered-commands-all-domains.sh	benchmarks/readiness/rendered-commands-all-domains.argv.jsonl	covered	active row `fastq` / `fastq.trim_reads` / `atropos` keeps one local benchmark job row in `benchmarks/readiness/rendered-commands-all-domains.sh` and `benchmarks/readiness/rendered-commands-all-domains.argv.jsonl` through `fastq_bam_command_adapter`
fastq:corpus-01-mini:fastq.trim_reads:sample-set:bbduk	fastq	fastq.trim_reads	bbduk	corpus-01-mini	corpus_only	fastq.adapter.trim_reads	fastq.parser.trim_reads	fastq_trim_reads_v2	smoke	benchmark_ready	fastq_bam_command_adapter	1	1	invoke	sh	benchmarks/readiness/rendered-commands-all-domains.sh	benchmarks/readiness/rendered-commands-all-domains.argv.jsonl	covered	active row `fastq` / `fastq.trim_reads` / `bbduk` keeps one local benchmark job row in `benchmarks/readiness/rendered-commands-all-domains.sh` and `benchmarks/readiness/rendered-commands-all-domains.argv.jsonl` through `fastq_bam_command_adapter`
fastq:corpus-01-mini:fastq.trim_reads:sample-set:cutadapt	fastq	fastq.trim_reads	cutadapt	corpus-01-mini	corpus_only	fastq.adapter.trim_reads	fastq.parser.trim_reads	fastq_trim_reads_v2	smoke	benchmark_ready	fastq_bam_command_adapter	1	1	invoke	sh	benchmarks/readiness/rendered-commands-all-domains.sh	benchmarks/readiness/rendered-commands-all-domains.argv.jsonl	covered	active row `fastq` / `fastq.trim_reads` / `cutadapt` keeps one local benchmark job row in `benchmarks/readiness/rendered-commands-all-domains.sh` and `benchmarks/readiness/rendered-commands-all-domains.argv.jsonl` through `fastq_bam_command_adapter`
fastq:corpus-01-mini:fastq.trim_reads:sample-set:fastp	fastq	fastq.trim_reads	fastp	corpus-01-mini	corpus_only	fastq.adapter.trim_reads	fastq.parser.trim_reads	fastq_trim_reads_v2	smoke	benchmark_ready	fastq_bam_command_adapter	1	1	invoke	sh	benchmarks/readiness/rendered-commands-all-domains.sh	benchmarks/readiness/rendered-commands-all-domains.argv.jsonl	covered	active row `fastq` / `fastq.trim_reads` / `fastp` keeps one local benchmark job row in `benchmarks/readiness/rendered-commands-all-domains.sh` and `benchmarks/readiness/rendered-commands-all-domains.argv.jsonl` through `fastq_bam_command_adapter`
fastq:corpus-01-mini:fastq.trim_reads:sample-set:fastx_clipper	fastq	fastq.trim_reads	fastx_clipper	corpus-01-mini	corpus_only	fastq.adapter.trim_reads	fastq.parser.trim_reads	fastq_trim_reads_v2	smoke	benchmark_ready	fastq_bam_command_adapter	1	1	invoke	sh	benchmarks/readiness/rendered-commands-all-domains.sh	benchmarks/readiness/rendered-commands-all-domains.argv.jsonl	covered	active row `fastq` / `fastq.trim_reads` / `fastx_clipper` keeps one local benchmark job row in `benchmarks/readiness/rendered-commands-all-domains.sh` and `benchmarks/readiness/rendered-commands-all-domains.argv.jsonl` through `fastq_bam_command_adapter`
fastq:corpus-01-mini:fastq.trim_reads:sample-set:leehom	fastq	fastq.trim_reads	leehom	corpus-01-mini	corpus_only	fastq.adapter.trim_reads	fastq.parser.trim_reads	fastq_trim_reads_v2	smoke	benchmark_ready	fastq_bam_command_adapter	1	1	invoke	sh	benchmarks/readiness/rendered-commands-all-domains.sh	benchmarks/readiness/rendered-commands-all-domains.argv.jsonl	covered	active row `fastq` / `fastq.trim_reads` / `leehom` keeps one local benchmark job row in `benchmarks/readiness/rendered-commands-all-domains.sh` and `benchmarks/readiness/rendered-commands-all-domains.argv.jsonl` through `fastq_bam_command_adapter`
fastq:corpus-01-mini:fastq.trim_reads:sample-set:prinseq	fastq	fastq.trim_reads	prinseq	corpus-01-mini	corpus_only	fastq.adapter.trim_reads	fastq.parser.trim_reads	fastq_trim_reads_v2	smoke	benchmark_ready	fastq_bam_command_adapter	1	1	invoke	sh	benchmarks/readiness/rendered-commands-all-domains.sh	benchmarks/readiness/rendered-commands-all-domains.argv.jsonl	covered	active row `fastq` / `fastq.trim_reads` / `prinseq` keeps one local benchmark job row in `benchmarks/readiness/rendered-commands-all-domains.sh` and `benchmarks/readiness/rendered-commands-all-domains.argv.jsonl` through `fastq_bam_command_adapter`
fastq:corpus-01-mini:fastq.trim_reads:sample-set:seqkit	fastq	fastq.trim_reads	seqkit	corpus-01-mini	corpus_only	fastq.adapter.trim_reads	fastq.parser.trim_reads	fastq_trim_reads_v2	smoke	benchmark_ready	fastq_bam_command_adapter	1	1	invoke	sh	benchmarks/readiness/rendered-commands-all-domains.sh	benchmarks/readiness/rendered-commands-all-domains.argv.jsonl	covered	active row `fastq` / `fastq.trim_reads` / `seqkit` keeps one local benchmark job row in `benchmarks/readiness/rendered-commands-all-domains.sh` and `benchmarks/readiness/rendered-commands-all-domains.argv.jsonl` through `fastq_bam_command_adapter`
fastq:corpus-01-mini:fastq.trim_reads:sample-set:skewer	fastq	fastq.trim_reads	skewer	corpus-01-mini	corpus_only	fastq.adapter.trim_reads	fastq.parser.trim_reads	fastq_trim_reads_v2	smoke	benchmark_ready	fastq_bam_command_adapter	1	1	invoke	sh	benchmarks/readiness/rendered-commands-all-domains.sh	benchmarks/readiness/rendered-commands-all-domains.argv.jsonl	covered	active row `fastq` / `fastq.trim_reads` / `skewer` keeps one local benchmark job row in `benchmarks/readiness/rendered-commands-all-domains.sh` and `benchmarks/readiness/rendered-commands-all-domains.argv.jsonl` through `fastq_bam_command_adapter`
fastq:corpus-01-mini:fastq.trim_reads:sample-set:trim_galore	fastq	fastq.trim_reads	trim_galore	corpus-01-mini	corpus_only	fastq.adapter.trim_reads	fastq.parser.trim_reads	fastq_trim_reads_v2	smoke	benchmark_ready	fastq_bam_command_adapter	1	1	invoke	sh	benchmarks/readiness/rendered-commands-all-domains.sh	benchmarks/readiness/rendered-commands-all-domains.argv.jsonl	covered	active row `fastq` / `fastq.trim_reads` / `trim_galore` keeps one local benchmark job row in `benchmarks/readiness/rendered-commands-all-domains.sh` and `benchmarks/readiness/rendered-commands-all-domains.argv.jsonl` through `fastq_bam_command_adapter`
fastq:corpus-01-mini:fastq.trim_reads:sample-set:trimmomatic	fastq	fastq.trim_reads	trimmomatic	corpus-01-mini	corpus_only	fastq.adapter.trim_reads	fastq.parser.trim_reads	fastq_trim_reads_v2	smoke	benchmark_ready	fastq_bam_command_adapter	1	1	invoke	sh	benchmarks/readiness/rendered-commands-all-domains.sh	benchmarks/readiness/rendered-commands-all-domains.argv.jsonl	covered	active row `fastq` / `fastq.trim_reads` / `trimmomatic` keeps one local benchmark job row in `benchmarks/readiness/rendered-commands-all-domains.sh` and `benchmarks/readiness/rendered-commands-all-domains.argv.jsonl` through `fastq_bam_command_adapter`
fastq:corpus-01-mini:fastq.trim_terminal_damage:sample-set:adapterremoval	fastq	fastq.trim_terminal_damage	adapterremoval	corpus-01-mini	corpus_only	fastq.adapter.trim_terminal_damage	fastq.parser.trim_terminal_damage	fastq_trim_terminal_damage_v2	smoke	benchmark_ready	fastq_bam_command_adapter	1	1	invoke	sh	benchmarks/readiness/rendered-commands-all-domains.sh	benchmarks/readiness/rendered-commands-all-domains.argv.jsonl	covered	active row `fastq` / `fastq.trim_terminal_damage` / `adapterremoval` keeps one local benchmark job row in `benchmarks/readiness/rendered-commands-all-domains.sh` and `benchmarks/readiness/rendered-commands-all-domains.argv.jsonl` through `fastq_bam_command_adapter`
fastq:corpus-01-mini:fastq.trim_terminal_damage:sample-set:cutadapt	fastq	fastq.trim_terminal_damage	cutadapt	corpus-01-mini	corpus_only	fastq.adapter.trim_terminal_damage	fastq.parser.trim_terminal_damage	fastq_trim_terminal_damage_v2	smoke	benchmark_ready	fastq_bam_command_adapter	1	1	invoke	sh	benchmarks/readiness/rendered-commands-all-domains.sh	benchmarks/readiness/rendered-commands-all-domains.argv.jsonl	covered	active row `fastq` / `fastq.trim_terminal_damage` / `cutadapt` keeps one local benchmark job row in `benchmarks/readiness/rendered-commands-all-domains.sh` and `benchmarks/readiness/rendered-commands-all-domains.argv.jsonl` through `fastq_bam_command_adapter`
fastq:corpus-01-mini:fastq.trim_terminal_damage:sample-set:seqkit	fastq	fastq.trim_terminal_damage	seqkit	corpus-01-mini	corpus_only	fastq.adapter.trim_terminal_damage	fastq.parser.trim_terminal_damage	fastq_trim_terminal_damage_v2	smoke	benchmark_ready	fastq_bam_command_adapter	1	1	invoke	sh	benchmarks/readiness/rendered-commands-all-domains.sh	benchmarks/readiness/rendered-commands-all-domains.argv.jsonl	covered	active row `fastq` / `fastq.trim_terminal_damage` / `seqkit` keeps one local benchmark job row in `benchmarks/readiness/rendered-commands-all-domains.sh` and `benchmarks/readiness/rendered-commands-all-domains.argv.jsonl` through `fastq_bam_command_adapter`
fastq:corpus-01-mini:fastq.validate_reads:sample-set:fastq_scan	fastq	fastq.validate_reads	fastq_scan	corpus-01-mini	corpus_only	fastq.adapter.validate_reads	fastq.parser.validate_reads	fastq_validate_reads_v1	smoke	benchmark_ready	fastq_bam_command_adapter	1	1	invoke	sh	benchmarks/readiness/rendered-commands-all-domains.sh	benchmarks/readiness/rendered-commands-all-domains.argv.jsonl	covered	active row `fastq` / `fastq.validate_reads` / `fastq_scan` keeps one local benchmark job row in `benchmarks/readiness/rendered-commands-all-domains.sh` and `benchmarks/readiness/rendered-commands-all-domains.argv.jsonl` through `fastq_bam_command_adapter`
fastq:corpus-01-mini:fastq.validate_reads:sample-set:fastqc	fastq	fastq.validate_reads	fastqc	corpus-01-mini	corpus_only	fastq.adapter.validate_reads	fastq.parser.validate_reads	fastq_validate_reads_v1	smoke	benchmark_ready	fastq_bam_command_adapter	1	1	invoke	sh	benchmarks/readiness/rendered-commands-all-domains.sh	benchmarks/readiness/rendered-commands-all-domains.argv.jsonl	covered	active row `fastq` / `fastq.validate_reads` / `fastqc` keeps one local benchmark job row in `benchmarks/readiness/rendered-commands-all-domains.sh` and `benchmarks/readiness/rendered-commands-all-domains.argv.jsonl` through `fastq_bam_command_adapter`
fastq:corpus-01-mini:fastq.validate_reads:sample-set:fastqvalidator	fastq	fastq.validate_reads	fastqvalidator	corpus-01-mini	corpus_only	fastq.adapter.validate_reads	fastq.parser.validate_reads	fastq_validate_reads_v1	smoke	benchmark_ready	fastq_bam_command_adapter	1	1	invoke	sh	benchmarks/readiness/rendered-commands-all-domains.sh	benchmarks/readiness/rendered-commands-all-domains.argv.jsonl	covered	active row `fastq` / `fastq.validate_reads` / `fastqvalidator` keeps one local benchmark job row in `benchmarks/readiness/rendered-commands-all-domains.sh` and `benchmarks/readiness/rendered-commands-all-domains.argv.jsonl` through `fastq_bam_command_adapter`
fastq:corpus-01-mini:fastq.validate_reads:sample-set:fqtools	fastq	fastq.validate_reads	fqtools	corpus-01-mini	corpus_only	fastq.adapter.validate_reads	fastq.parser.validate_reads	fastq_validate_reads_v1	smoke	benchmark_ready	fastq_bam_command_adapter	1	1	invoke	sh	benchmarks/readiness/rendered-commands-all-domains.sh	benchmarks/readiness/rendered-commands-all-domains.argv.jsonl	covered	active row `fastq` / `fastq.validate_reads` / `fqtools` keeps one local benchmark job row in `benchmarks/readiness/rendered-commands-all-domains.sh` and `benchmarks/readiness/rendered-commands-all-domains.argv.jsonl` through `fastq_bam_command_adapter`
fastq:corpus-01-mini:fastq.validate_reads:sample-set:seqtk	fastq	fastq.validate_reads	seqtk	corpus-01-mini	corpus_only	fastq.adapter.validate_reads	fastq.parser.validate_reads	fastq_validate_reads_v1	smoke	benchmark_ready	fastq_bam_command_adapter	1	1	invoke	sh	benchmarks/readiness/rendered-commands-all-domains.sh	benchmarks/readiness/rendered-commands-all-domains.argv.jsonl	covered	active row `fastq` / `fastq.validate_reads` / `seqtk` keeps one local benchmark job row in `benchmarks/readiness/rendered-commands-all-domains.sh` and `benchmarks/readiness/rendered-commands-all-domains.argv.jsonl` through `fastq_bam_command_adapter`
vcf:vcf_production_regression:vcf.call:bam_bundle:bcftools	vcf	vcf.call	bcftools	vcf_production_regression	bam_bundle	vcf.adapter.calling	vcf.parser.call_summary	bijux.schemas.bench.vcf-normalized-metrics.call.v1	benchmark_ready	benchmark_ready	vcf_bcftools_adapter	3	2	mpileup,call,index_called_vcf	bcftools,bcftools,bcftools	benchmarks/readiness/rendered-commands-all-domains.sh	benchmarks/readiness/rendered-commands-all-domains.argv.jsonl	covered	active row `vcf` / `vcf.call` / `bcftools` keeps one local benchmark job row in `benchmarks/readiness/rendered-commands-all-domains.sh` and `benchmarks/readiness/rendered-commands-all-domains.argv.jsonl` through `vcf_bcftools_adapter`
vcf:vcf_production_regression:vcf.call_diploid:bam_bundle:bcftools	vcf	vcf.call_diploid	bcftools	vcf_production_regression	bam_bundle	vcf.adapter.calling	vcf.parser.call_summary	bijux.schemas.bench.vcf-normalized-metrics.call-diploid.v1	benchmark_ready	benchmark_ready	vcf_bcftools_adapter	3	2	mpileup,call_diploid,index_diploid_vcf	bcftools,bcftools,bcftools	benchmarks/readiness/rendered-commands-all-domains.sh	benchmarks/readiness/rendered-commands-all-domains.argv.jsonl	covered	active row `vcf` / `vcf.call_diploid` / `bcftools` keeps one local benchmark job row in `benchmarks/readiness/rendered-commands-all-domains.sh` and `benchmarks/readiness/rendered-commands-all-domains.argv.jsonl` through `vcf_bcftools_adapter`
vcf:vcf_production_regression:vcf.call_gl:bam_bundle:bcftools	vcf	vcf.call_gl	bcftools	vcf_production_regression	bam_bundle	vcf.adapter.calling	vcf.parser.call_summary	bijux.schemas.bench.vcf-normalized-metrics.call-gl.v1	benchmark_ready	benchmark_ready	vcf_bcftools_adapter	3	2	mpileup,call_gl,index_gl_sites_vcf	bcftools,bcftools,bcftools	benchmarks/readiness/rendered-commands-all-domains.sh	benchmarks/readiness/rendered-commands-all-domains.argv.jsonl	covered	active row `vcf` / `vcf.call_gl` / `bcftools` keeps one local benchmark job row in `benchmarks/readiness/rendered-commands-all-domains.sh` and `benchmarks/readiness/rendered-commands-all-domains.argv.jsonl` through `vcf_bcftools_adapter`
vcf:vcf_production_regression:vcf.call_pseudohaploid:bam_bundle:bcftools	vcf	vcf.call_pseudohaploid	bcftools	vcf_production_regression	bam_bundle	vcf.adapter.calling	vcf.parser.call_summary	bijux.schemas.bench.vcf-normalized-metrics.call-pseudohaploid.v1	benchmark_ready	benchmark_ready	vcf_bcftools_adapter	3	2	mpileup,call_pseudohaploid,index_pseudohaploid_vcf	bcftools,bcftools,bcftools	benchmarks/readiness/rendered-commands-all-domains.sh	benchmarks/readiness/rendered-commands-all-domains.argv.jsonl	covered	active row `vcf` / `vcf.call_pseudohaploid` / `bcftools` keeps one local benchmark job row in `benchmarks/readiness/rendered-commands-all-domains.sh` and `benchmarks/readiness/rendered-commands-all-domains.argv.jsonl` through `vcf_bcftools_adapter`
vcf:vcf_production_regression:vcf.damage_filter:vcf_single_sample:bcftools	vcf	vcf.damage_filter	bcftools	vcf_production_regression	vcf_single_sample	vcf.adapter.transform	vcf.parser.vcf_output	bijux.schemas.bench.vcf-normalized-metrics.damage-filter.v1	benchmark_ready	benchmark_ready	vcf_bcftools_adapter	2	2	damage_filter,index_damage_filtered_vcf	bcftools,bcftools	benchmarks/readiness/rendered-commands-all-domains.sh	benchmarks/readiness/rendered-commands-all-domains.argv.jsonl	covered	active row `vcf` / `vcf.damage_filter` / `bcftools` keeps one local benchmark job row in `benchmarks/readiness/rendered-commands-all-domains.sh` and `benchmarks/readiness/rendered-commands-all-domains.argv.jsonl` through `vcf_bcftools_adapter`
vcf:vcf_production_regression:vcf.filter:vcf_single_sample:bcftools	vcf	vcf.filter	bcftools	vcf_production_regression	vcf_single_sample	vcf.adapter.transform	vcf.parser.vcf_output	bijux.schemas.bench.vcf-normalized-metrics.filter.v1	benchmark_ready	benchmark_ready	vcf_bcftools_adapter	2	2	filter_sites,index_filtered_vcf	bcftools,bcftools	benchmarks/readiness/rendered-commands-all-domains.sh	benchmarks/readiness/rendered-commands-all-domains.argv.jsonl	covered	active row `vcf` / `vcf.filter` / `bcftools` keeps one local benchmark job row in `benchmarks/readiness/rendered-commands-all-domains.sh` and `benchmarks/readiness/rendered-commands-all-domains.argv.jsonl` through `vcf_bcftools_adapter`
vcf:vcf_production_regression:vcf.gl_propagation:vcf_single_sample:bcftools	vcf	vcf.gl_propagation	bcftools	vcf_production_regression	vcf_single_sample	vcf.adapter.transform	vcf.parser.vcf_output	bijux.schemas.bench.vcf-normalized-metrics.gl-propagation.v1	benchmark_ready	benchmark_ready	vcf_bcftools_adapter	2	2	propagate_gl_fields,index_gl_propagated_vcf	bcftools,bcftools	benchmarks/readiness/rendered-commands-all-domains.sh	benchmarks/readiness/rendered-commands-all-domains.argv.jsonl	covered	active row `vcf` / `vcf.gl_propagation` / `bcftools` keeps one local benchmark job row in `benchmarks/readiness/rendered-commands-all-domains.sh` and `benchmarks/readiness/rendered-commands-all-domains.argv.jsonl` through `vcf_bcftools_adapter`
vcf:vcf_production_regression:vcf.phasing:vcf_cohort_with_panel:shapeit5	vcf	vcf.phasing	shapeit5	vcf_production_regression	vcf_cohort_with_panel	vcf.adapter.panel_workflow	vcf.parser.vcf_output	bijux.schemas.bench.vcf-normalized-metrics.phasing.v1	benchmark_ready	benchmark_ready	vcf_phasing_family_adapter	2	2	phase,index_phased_vcf	sh,bcftools	benchmarks/readiness/rendered-commands-all-domains.sh	benchmarks/readiness/rendered-commands-all-domains.argv.jsonl	covered	active row `vcf` / `vcf.phasing` / `shapeit5` keeps one local benchmark job row in `benchmarks/readiness/rendered-commands-all-domains.sh` and `benchmarks/readiness/rendered-commands-all-domains.argv.jsonl` through `vcf_phasing_family_adapter`
vcf:vcf_production_regression:vcf.postprocess:vcf_single_sample:bcftools	vcf	vcf.postprocess	bcftools	vcf_production_regression	vcf_single_sample	vcf.adapter.transform	vcf.parser.vcf_output	bijux.schemas.bench.vcf-normalized-metrics.postprocess.v1	benchmark_ready	benchmark_ready	vcf_bcftools_adapter	2	2	fill_tags,index_postprocess_vcf	bcftools,bcftools	benchmarks/readiness/rendered-commands-all-domains.sh	benchmarks/readiness/rendered-commands-all-domains.argv.jsonl	covered	active row `vcf` / `vcf.postprocess` / `bcftools` keeps one local benchmark job row in `benchmarks/readiness/rendered-commands-all-domains.sh` and `benchmarks/readiness/rendered-commands-all-domains.argv.jsonl` through `vcf_bcftools_adapter`
vcf:vcf_production_regression:vcf.prepare_reference_panel:vcf_reference_panel:bcftools	vcf	vcf.prepare_reference_panel	bcftools	vcf_production_regression	vcf_reference_panel	vcf.adapter.reference_panel	vcf.parser.vcf_output	bijux.schemas.bench.vcf-normalized-metrics.prepare-reference-panel.v1	benchmark_ready	benchmark_ready	vcf_bcftools_adapter	2	2	normalize_panel,index_panel	bcftools,bcftools	benchmarks/readiness/rendered-commands-all-domains.sh	benchmarks/readiness/rendered-commands-all-domains.argv.jsonl	covered	active row `vcf` / `vcf.prepare_reference_panel` / `bcftools` keeps one local benchmark job row in `benchmarks/readiness/rendered-commands-all-domains.sh` and `benchmarks/readiness/rendered-commands-all-domains.argv.jsonl` through `vcf_bcftools_adapter`
vcf:vcf_production_regression:vcf.qc:vcf_cohort:bcftools	vcf	vcf.qc	bcftools	vcf_production_regression	vcf_cohort	vcf.adapter.quality_control	vcf.parser.qc_report	bijux.schemas.bench.vcf-normalized-metrics.qc.v1	benchmark_ready	benchmark_ready	vcf_bcftools_adapter	2	2	extract_genotypes,normalize_qc	sh,python3	benchmarks/readiness/rendered-commands-all-domains.sh	benchmarks/readiness/rendered-commands-all-domains.argv.jsonl	covered	active row `vcf` / `vcf.qc` / `bcftools` keeps one local benchmark job row in `benchmarks/readiness/rendered-commands-all-domains.sh` and `benchmarks/readiness/rendered-commands-all-domains.argv.jsonl` through `vcf_bcftools_adapter`
vcf:vcf_production_regression:vcf.qc:vcf_cohort:plink	vcf	vcf.qc	plink	vcf_production_regression	vcf_cohort	vcf.adapter.quality_control	vcf.parser.qc_report	bijux.schemas.bench.vcf-normalized-metrics.qc.v1	benchmark_ready	benchmark_ready	vcf_plink_family_adapter	1	1	qc	plink	benchmarks/readiness/rendered-commands-all-domains.sh	benchmarks/readiness/rendered-commands-all-domains.argv.jsonl	covered	active row `vcf` / `vcf.qc` / `plink` keeps one local benchmark job row in `benchmarks/readiness/rendered-commands-all-domains.sh` and `benchmarks/readiness/rendered-commands-all-domains.argv.jsonl` through `vcf_plink_family_adapter`
vcf:vcf_production_regression:vcf.qc:vcf_cohort:plink2	vcf	vcf.qc	plink2	vcf_production_regression	vcf_cohort	vcf.adapter.quality_control	vcf.parser.qc_report	bijux.schemas.bench.vcf-normalized-metrics.qc.v1	benchmark_ready	benchmark_ready	vcf_plink_family_adapter	1	1	qc	plink2	benchmarks/readiness/rendered-commands-all-domains.sh	benchmarks/readiness/rendered-commands-all-domains.argv.jsonl	covered	active row `vcf` / `vcf.qc` / `plink2` keeps one local benchmark job row in `benchmarks/readiness/rendered-commands-all-domains.sh` and `benchmarks/readiness/rendered-commands-all-domains.argv.jsonl` through `vcf_plink_family_adapter`
vcf:vcf_production_regression:vcf.stats:vcf_cohort:bcftools	vcf	vcf.stats	bcftools	vcf_production_regression	vcf_cohort	vcf.adapter.quality_control	vcf.parser.stats_report	bijux.schemas.bench.vcf-normalized-metrics.stats.v1	benchmark_ready	benchmark_ready	vcf_bcftools_adapter	1	1	render_stats	bcftools	benchmarks/readiness/rendered-commands-all-domains.sh	benchmarks/readiness/rendered-commands-all-domains.argv.jsonl	covered	active row `vcf` / `vcf.stats` / `bcftools` keeps one local benchmark job row in `benchmarks/readiness/rendered-commands-all-domains.sh` and `benchmarks/readiness/rendered-commands-all-domains.argv.jsonl` through `vcf_bcftools_adapter`
