result_id	domain	stage_id	tool_id	corpus_id	asset_profile_id	adapter_id	parser_id	schema_id	expected_report_section	report_section_id	summary_table_id	proof_source	coverage_status	reason
bam:corpus-01-mini:bam.align:sample-set:bowtie2	bam	bam.align	bowtie2	corpus-01-mini	corpus_only	bam.adapter.align	bam.parser.align	bam_align_normalized_v1	alignment_intake	alignment_intake	alignment_baseline	bam_report_map	covered	active row `bam` / `bam.align` / `bowtie2` appears in governed report section `alignment_intake` with summary table `alignment_baseline` through `bam_report_map`
bam:corpus-01-mini:bam.align:sample-set:bwa	bam	bam.align	bwa	corpus-01-mini	corpus_only	bam.adapter.align	bam.parser.align	bam_align_normalized_v1	alignment_intake	alignment_intake	alignment_baseline	bam_report_map	covered	active row `bam` / `bam.align` / `bwa` appears in governed report section `alignment_intake` with summary table `alignment_baseline` through `bam_report_map`
bam:corpus-01-adna-damage-mini:bam.authenticity:adna_damage_non_udg:authenticct	bam	bam.authenticity	authenticct	corpus-01-adna-damage-mini	corpus_only	bam.adapter.authenticity	bam.parser.authenticity	bam_authenticity_normalized_v1	ancient_signal	ancient_signal	damage_authenticity	bam_report_map	covered	active row `bam` / `bam.authenticity` / `authenticct` appears in governed report section `ancient_signal` with summary table `damage_authenticity` through `bam_report_map`
bam:corpus-01-adna-damage-mini:bam.authenticity:adna_damage_non_udg:damageprofiler	bam	bam.authenticity	damageprofiler	corpus-01-adna-damage-mini	corpus_only	bam.adapter.authenticity	bam.parser.authenticity	bam_authenticity_normalized_v1	ancient_signal	ancient_signal	damage_authenticity	bam_report_map	covered	active row `bam` / `bam.authenticity` / `damageprofiler` appears in governed report section `ancient_signal` with summary table `damage_authenticity` through `bam_report_map`
bam:corpus-01-adna-damage-mini:bam.authenticity:adna_damage_non_udg:pmdtools	bam	bam.authenticity	pmdtools	corpus-01-adna-damage-mini	corpus_only	bam.adapter.authenticity	bam.parser.authenticity	bam_authenticity_normalized_v1	ancient_signal	ancient_signal	damage_authenticity	bam_report_map	covered	active row `bam` / `bam.authenticity` / `pmdtools` appears in governed report section `ancient_signal` with summary table `damage_authenticity` through `bam_report_map`
bam:corpus-01-bam-mini:bam.bias_mitigation:sample-set:mapdamage2	bam	bam.bias_mitigation	mapdamage2	corpus-01-bam-mini	corpus_only	bam.adapter.bias_mitigation	bam.parser.bias_mitigation	bam_bias_mitigation_normalized_v1	downstream_readiness	downstream_readiness	variant_readiness	bam_report_map	covered	active row `bam` / `bam.bias_mitigation` / `mapdamage2` appears in governed report section `downstream_readiness` with summary table `variant_readiness` through `bam_report_map`
bam:corpus-01-bam-mini:bam.complexity:sample-set:preseq	bam	bam.complexity	preseq	corpus-01-bam-mini	corpus_only	bam.adapter.complexity	bam.parser.complexity	bam_complexity_normalized_v1	library_complexity	library_complexity	duplicate_complexity	bam_report_map	covered	active row `bam` / `bam.complexity` / `preseq` appears in governed report section `library_complexity` with summary table `duplicate_complexity` through `bam_report_map`
bam:corpus-01-adna-bam-mini:bam.contamination:sample-set:contammix	bam	bam.contamination	contammix	corpus-01-adna-bam-mini	reference_fasta+reference_panel	bam.adapter.contamination	bam.parser.contamination	bam_contamination_normalized_v1	ancient_signal	ancient_signal	damage_authenticity	bam_report_map	covered	active row `bam` / `bam.contamination` / `contammix` appears in governed report section `ancient_signal` with summary table `damage_authenticity` through `bam_report_map`
bam:corpus-01-adna-bam-mini:bam.contamination:sample-set:schmutzi	bam	bam.contamination	schmutzi	corpus-01-adna-bam-mini	reference_fasta+reference_panel	bam.adapter.contamination	bam.parser.contamination	bam_contamination_normalized_v1	ancient_signal	ancient_signal	damage_authenticity	bam_report_map	covered	active row `bam` / `bam.contamination` / `schmutzi` appears in governed report section `ancient_signal` with summary table `damage_authenticity` through `bam_report_map`
bam:corpus-01-adna-bam-mini:bam.contamination:sample-set:verifybamid2	bam	bam.contamination	verifybamid2	corpus-01-adna-bam-mini	reference_fasta+reference_panel	bam.adapter.contamination	bam.parser.contamination	bam_contamination_normalized_v1	ancient_signal	ancient_signal	damage_authenticity	bam_report_map	covered	active row `bam` / `bam.contamination` / `verifybamid2` appears in governed report section `ancient_signal` with summary table `damage_authenticity` through `bam_report_map`
bam:corpus-01-bam-mini:bam.coverage:sample-set:bedtools	bam	bam.coverage	bedtools	corpus-01-bam-mini	corpus_only	bam.adapter.coverage	bam.parser.coverage	bam_coverage_normalized_v1	coverage_quality	coverage_quality	coverage_bias_qc	bam_report_map	covered	active row `bam` / `bam.coverage` / `bedtools` appears in governed report section `coverage_quality` with summary table `coverage_bias_qc` through `bam_report_map`
bam:corpus-01-bam-mini:bam.coverage:sample-set:mosdepth	bam	bam.coverage	mosdepth	corpus-01-bam-mini	corpus_only	bam.adapter.coverage	bam.parser.coverage	bam_coverage_normalized_v1	coverage_quality	coverage_quality	coverage_bias_qc	bam_report_map	covered	active row `bam` / `bam.coverage` / `mosdepth` appears in governed report section `coverage_quality` with summary table `coverage_bias_qc` through `bam_report_map`
bam:corpus-01-bam-mini:bam.coverage:sample-set:samtools	bam	bam.coverage	samtools	corpus-01-bam-mini	corpus_only	bam.adapter.coverage	bam.parser.coverage	bam_coverage_normalized_v1	coverage_quality	coverage_quality	coverage_bias_qc	bam_report_map	covered	active row `bam` / `bam.coverage` / `samtools` appears in governed report section `coverage_quality` with summary table `coverage_bias_qc` through `bam_report_map`
bam:corpus-01-adna-damage-mini:bam.damage:adna_damage_non_udg:addeam	bam	bam.damage	addeam	corpus-01-adna-damage-mini	corpus_only	bam.adapter.damage	bam.parser.damage	bam_damage_normalized_v1	ancient_signal	ancient_signal	damage_authenticity	bam_report_map	covered	active row `bam` / `bam.damage` / `addeam` appears in governed report section `ancient_signal` with summary table `damage_authenticity` through `bam_report_map`
bam:corpus-01-adna-damage-mini:bam.damage:adna_damage_non_udg:damageprofiler	bam	bam.damage	damageprofiler	corpus-01-adna-damage-mini	corpus_only	bam.adapter.damage	bam.parser.damage	bam_damage_normalized_v1	ancient_signal	ancient_signal	damage_authenticity	bam_report_map	covered	active row `bam` / `bam.damage` / `damageprofiler` appears in governed report section `ancient_signal` with summary table `damage_authenticity` through `bam_report_map`
bam:corpus-01-adna-damage-mini:bam.damage:adna_damage_non_udg:mapdamage2	bam	bam.damage	mapdamage2	corpus-01-adna-damage-mini	corpus_only	bam.adapter.damage	bam.parser.damage	bam_damage_normalized_v1	ancient_signal	ancient_signal	damage_authenticity	bam_report_map	covered	active row `bam` / `bam.damage` / `mapdamage2` appears in governed report section `ancient_signal` with summary table `damage_authenticity` through `bam_report_map`
bam:corpus-01-adna-damage-mini:bam.damage:adna_damage_non_udg:ngsbriggs	bam	bam.damage	ngsbriggs	corpus-01-adna-damage-mini	corpus_only	bam.adapter.damage	bam.parser.damage	bam_damage_normalized_v1	ancient_signal	ancient_signal	damage_authenticity	bam_report_map	covered	active row `bam` / `bam.damage` / `ngsbriggs` appears in governed report section `ancient_signal` with summary table `damage_authenticity` through `bam_report_map`
bam:corpus-01-adna-damage-mini:bam.damage:adna_damage_non_udg:pmdtools	bam	bam.damage	pmdtools	corpus-01-adna-damage-mini	corpus_only	bam.adapter.damage	bam.parser.damage	bam_damage_normalized_v1	ancient_signal	ancient_signal	damage_authenticity	bam_report_map	covered	active row `bam` / `bam.damage` / `pmdtools` appears in governed report section `ancient_signal` with summary table `damage_authenticity` through `bam_report_map`
bam:corpus-01-adna-damage-mini:bam.damage:adna_damage_non_udg:pydamage	bam	bam.damage	pydamage	corpus-01-adna-damage-mini	corpus_only	bam.adapter.damage	bam.parser.damage	bam_damage_normalized_v1	ancient_signal	ancient_signal	damage_authenticity	bam_report_map	covered	active row `bam` / `bam.damage` / `pydamage` appears in governed report section `ancient_signal` with summary table `damage_authenticity` through `bam_report_map`
bam:corpus-01-bam-mini:bam.duplication_metrics:sample-set:picard	bam	bam.duplication_metrics	picard	corpus-01-bam-mini	corpus_only	bam.adapter.duplication_metrics	bam.parser.duplication_metrics	bam_duplication_metrics_normalized_v1	library_complexity	library_complexity	duplicate_complexity	bam_report_map	covered	active row `bam` / `bam.duplication_metrics` / `picard` appears in governed report section `library_complexity` with summary table `duplicate_complexity` through `bam_report_map`
bam:corpus-01-bam-mini:bam.duplication_metrics:sample-set:samtools	bam	bam.duplication_metrics	samtools	corpus-01-bam-mini	corpus_only	bam.adapter.duplication_metrics	bam.parser.duplication_metrics	bam_duplication_metrics_normalized_v1	library_complexity	library_complexity	duplicate_complexity	bam_report_map	covered	active row `bam` / `bam.duplication_metrics` / `samtools` appears in governed report section `library_complexity` with summary table `duplicate_complexity` through `bam_report_map`
bam:corpus-01-bam-mini:bam.endogenous_content:sample-set:samtools	bam	bam.endogenous_content	samtools	corpus-01-bam-mini	corpus_only	bam.adapter.endogenous_content	bam.parser.endogenous_content	bam_endogenous_content_normalized_v1	coverage_quality	coverage_quality	coverage_bias_qc	bam_report_map	covered	active row `bam` / `bam.endogenous_content` / `samtools` appears in governed report section `coverage_quality` with summary table `coverage_bias_qc` through `bam_report_map`
bam:corpus-01-bam-mini:bam.filter:sample-set:bamtools	bam	bam.filter	bamtools	corpus-01-bam-mini	corpus_only	bam.adapter.filter	bam.parser.filter	bam_filter_normalized_v1	alignment_refinement	alignment_refinement	filter_retention	bam_report_map	covered	active row `bam` / `bam.filter` / `bamtools` appears in governed report section `alignment_refinement` with summary table `filter_retention` through `bam_report_map`
bam:corpus-01-bam-mini:bam.filter:sample-set:bedtools	bam	bam.filter	bedtools	corpus-01-bam-mini	corpus_only	bam.adapter.filter	bam.parser.filter	bam_filter_normalized_v1	alignment_refinement	alignment_refinement	filter_retention	bam_report_map	covered	active row `bam` / `bam.filter` / `bedtools` appears in governed report section `alignment_refinement` with summary table `filter_retention` through `bam_report_map`
bam:corpus-01-bam-mini:bam.filter:sample-set:samtools	bam	bam.filter	samtools	corpus-01-bam-mini	corpus_only	bam.adapter.filter	bam.parser.filter	bam_filter_normalized_v1	alignment_refinement	alignment_refinement	filter_retention	bam_report_map	covered	active row `bam` / `bam.filter` / `samtools` appears in governed report section `alignment_refinement` with summary table `filter_retention` through `bam_report_map`
bam:corpus-01-bam-mini:bam.gc_bias:sample-set:picard	bam	bam.gc_bias	picard	corpus-01-bam-mini	corpus_only	bam.adapter.gc_bias	bam.parser.gc_bias	bam_gc_bias_normalized_v1	coverage_quality	coverage_quality	coverage_bias_qc	bam_report_map	covered	active row `bam` / `bam.gc_bias` / `picard` appears in governed report section `coverage_quality` with summary table `coverage_bias_qc` through `bam_report_map`
bam:corpus-01-genotyping-mini:bam.genotyping:human_like_genotyping_candidate_panel:angsd	bam	bam.genotyping	angsd	corpus-01-genotyping-mini	reference_fasta+regions+sites_vcf	bam.adapter.genotyping	bam.parser.genotyping	bam_genotyping_normalized_v1	downstream_readiness	downstream_readiness	variant_readiness	bam_report_map	covered	active row `bam` / `bam.genotyping` / `angsd` appears in governed report section `downstream_readiness` with summary table `variant_readiness` through `bam_report_map`
bam:corpus-01-adna-bam-mini:bam.haplogroups:sample-set:yleaf	bam	bam.haplogroups	yleaf	corpus-01-adna-bam-mini	reference_fasta+reference_panel	bam.adapter.haplogroups	bam.parser.haplogroups	bam_haplogroups_normalized_v1	sample_identity	sample_identity	identity_inference	bam_report_map	covered	active row `bam` / `bam.haplogroups` / `yleaf` appears in governed report section `sample_identity` with summary table `identity_inference` through `bam_report_map`
bam:corpus-01-bam-mini:bam.insert_size:sample-set:picard	bam	bam.insert_size	picard	corpus-01-bam-mini	corpus_only	bam.adapter.insert_size	bam.parser.insert_size	bam_insert_size_normalized_v1	coverage_quality	coverage_quality	coverage_bias_qc	bam_report_map	covered	active row `bam` / `bam.insert_size` / `picard` appears in governed report section `coverage_quality` with summary table `coverage_bias_qc` through `bam_report_map`
bam:corpus-01-kinship-mini:bam.kinship:sample-set:angsd	bam	bam.kinship	angsd	corpus-01-kinship-mini	reference_fasta+reference_panel	bam.adapter.kinship	bam.parser.kinship	bam_kinship_normalized_v1	sample_identity	sample_identity	identity_inference	bam_report_map	covered	active row `bam` / `bam.kinship` / `angsd` appears in governed report section `sample_identity` with summary table `identity_inference` through `bam_report_map`
bam:corpus-01-kinship-mini:bam.kinship:sample-set:king	bam	bam.kinship	king	corpus-01-kinship-mini	reference_fasta+reference_panel	bam.adapter.kinship	bam.parser.kinship	bam_kinship_normalized_v1	sample_identity	sample_identity	identity_inference	bam_report_map	covered	active row `bam` / `bam.kinship` / `king` appears in governed report section `sample_identity` with summary table `identity_inference` through `bam_report_map`
bam:corpus-01-bam-mini:bam.length_filter:sample-set:picard	bam	bam.length_filter	picard	corpus-01-bam-mini	corpus_only	bam.adapter.length_filter	bam.parser.length_filter	bam_length_filter_normalized_v1	alignment_refinement	alignment_refinement	filter_retention	bam_report_map	covered	active row `bam` / `bam.length_filter` / `picard` appears in governed report section `alignment_refinement` with summary table `filter_retention` through `bam_report_map`
bam:corpus-01-bam-mini:bam.length_filter:sample-set:samtools	bam	bam.length_filter	samtools	corpus-01-bam-mini	corpus_only	bam.adapter.length_filter	bam.parser.length_filter	bam_length_filter_normalized_v1	alignment_refinement	alignment_refinement	filter_retention	bam_report_map	covered	active row `bam` / `bam.length_filter` / `samtools` appears in governed report section `alignment_refinement` with summary table `filter_retention` through `bam_report_map`
bam:corpus-01-bam-mini:bam.mapping_summary:sample-set:picard	bam	bam.mapping_summary	picard	corpus-01-bam-mini	corpus_only	bam.adapter.mapping_summary	bam.parser.mapping_summary	bam_mapping_summary_normalized_v1	alignment_intake	alignment_intake	alignment_baseline	bam_report_map	covered	active row `bam` / `bam.mapping_summary` / `picard` appears in governed report section `alignment_intake` with summary table `alignment_baseline` through `bam_report_map`
bam:corpus-01-bam-mini:bam.mapping_summary:sample-set:samtools	bam	bam.mapping_summary	samtools	corpus-01-bam-mini	corpus_only	bam.adapter.mapping_summary	bam.parser.mapping_summary	bam_mapping_summary_normalized_v1	alignment_intake	alignment_intake	alignment_baseline	bam_report_map	covered	active row `bam` / `bam.mapping_summary` / `samtools` appears in governed report section `alignment_intake` with summary table `alignment_baseline` through `bam_report_map`
bam:corpus-01-bam-mini:bam.mapq_filter:sample-set:bamtools	bam	bam.mapq_filter	bamtools	corpus-01-bam-mini	corpus_only	bam.adapter.mapq_filter	bam.parser.mapq_filter	bam_mapq_filter_normalized_v1	alignment_refinement	alignment_refinement	filter_retention	bam_report_map	covered	active row `bam` / `bam.mapq_filter` / `bamtools` appears in governed report section `alignment_refinement` with summary table `filter_retention` through `bam_report_map`
bam:corpus-01-bam-mini:bam.mapq_filter:sample-set:samtools	bam	bam.mapq_filter	samtools	corpus-01-bam-mini	corpus_only	bam.adapter.mapq_filter	bam.parser.mapq_filter	bam_mapq_filter_normalized_v1	alignment_refinement	alignment_refinement	filter_retention	bam_report_map	covered	active row `bam` / `bam.mapq_filter` / `samtools` appears in governed report section `alignment_refinement` with summary table `filter_retention` through `bam_report_map`
bam:corpus-01-bam-mini:bam.markdup:sample-set:picard	bam	bam.markdup	picard	corpus-01-bam-mini	corpus_only	bam.adapter.markdup	bam.parser.markdup	bam_markdup_normalized_v1	library_complexity	library_complexity	duplicate_complexity	bam_report_map	covered	active row `bam` / `bam.markdup` / `picard` appears in governed report section `library_complexity` with summary table `duplicate_complexity` through `bam_report_map`
bam:corpus-01-bam-mini:bam.markdup:sample-set:samtools	bam	bam.markdup	samtools	corpus-01-bam-mini	corpus_only	bam.adapter.markdup	bam.parser.markdup	bam_markdup_normalized_v1	library_complexity	library_complexity	duplicate_complexity	bam_report_map	covered	active row `bam` / `bam.markdup` / `samtools` appears in governed report section `library_complexity` with summary table `duplicate_complexity` through `bam_report_map`
bam:corpus-01-bam-mini:bam.overlap_correction:sample-set:bamutil	bam	bam.overlap_correction	bamutil	corpus-01-bam-mini	corpus_only	bam.adapter.overlap_correction	bam.parser.overlap_correction	bam_overlap_correction_normalized_v1	alignment_refinement	alignment_refinement	filter_retention	bam_report_map	covered	active row `bam` / `bam.overlap_correction` / `bamutil` appears in governed report section `alignment_refinement` with summary table `filter_retention` through `bam_report_map`
bam:corpus-01-bam-mini:bam.qc_pre:sample-set:multiqc	bam	bam.qc_pre	multiqc	corpus-01-bam-mini	corpus_only	bam.adapter.qc_pre	bam.parser.qc_pre	bam_qc_pre_normalized_v1	alignment_intake	alignment_intake	alignment_baseline	bam_report_map	covered	active row `bam` / `bam.qc_pre` / `multiqc` appears in governed report section `alignment_intake` with summary table `alignment_baseline` through `bam_report_map`
bam:corpus-01-bam-mini:bam.qc_pre:sample-set:samtools	bam	bam.qc_pre	samtools	corpus-01-bam-mini	corpus_only	bam.adapter.qc_pre	bam.parser.qc_pre	bam_qc_pre_normalized_v1	alignment_intake	alignment_intake	alignment_baseline	bam_report_map	covered	active row `bam` / `bam.qc_pre` / `samtools` appears in governed report section `alignment_intake` with summary table `alignment_baseline` through `bam_report_map`
bam:corpus-01-bam-mini:bam.recalibration:sample-set:gatk	bam	bam.recalibration	gatk	corpus-01-bam-mini	known_sites+reference_fasta	bam.adapter.recalibration	bam.parser.recalibration	bam_recalibration_normalized_v1	downstream_readiness	downstream_readiness	variant_readiness	bam_report_map	covered	active row `bam` / `bam.recalibration` / `gatk` appears in governed report section `downstream_readiness` with summary table `variant_readiness` through `bam_report_map`
bam:corpus-01-adna-bam-mini:bam.sex:sample-set:angsd	bam	bam.sex	angsd	corpus-01-adna-bam-mini	reference_fasta	bam.adapter.sex	bam.parser.sex	bam_sex_normalized_v1	sample_identity	sample_identity	identity_inference	bam_report_map	covered	active row `bam` / `bam.sex` / `angsd` appears in governed report section `sample_identity` with summary table `identity_inference` through `bam_report_map`
bam:corpus-01-adna-bam-mini:bam.sex:sample-set:rxy	bam	bam.sex	rxy	corpus-01-adna-bam-mini	reference_fasta	bam.adapter.sex	bam.parser.sex	bam_sex_normalized_v1	sample_identity	sample_identity	identity_inference	bam_report_map	covered	active row `bam` / `bam.sex` / `rxy` appears in governed report section `sample_identity` with summary table `identity_inference` through `bam_report_map`
bam:corpus-01-adna-bam-mini:bam.sex:sample-set:yleaf	bam	bam.sex	yleaf	corpus-01-adna-bam-mini	reference_fasta	bam.adapter.sex	bam.parser.sex	bam_sex_normalized_v1	sample_identity	sample_identity	identity_inference	bam_report_map	covered	active row `bam` / `bam.sex` / `yleaf` appears in governed report section `sample_identity` with summary table `identity_inference` through `bam_report_map`
bam:corpus-01-bam-mini:bam.validate:sample-set:bamtools	bam	bam.validate	bamtools	corpus-01-bam-mini	corpus_only	bam.adapter.validate	bam.parser.validate	bam_validate_normalized_v1	alignment_intake	alignment_intake	alignment_baseline	bam_report_map	covered	active row `bam` / `bam.validate` / `bamtools` appears in governed report section `alignment_intake` with summary table `alignment_baseline` through `bam_report_map`
bam:corpus-01-bam-mini:bam.validate:sample-set:bedtools	bam	bam.validate	bedtools	corpus-01-bam-mini	corpus_only	bam.adapter.validate	bam.parser.validate	bam_validate_normalized_v1	alignment_intake	alignment_intake	alignment_baseline	bam_report_map	covered	active row `bam` / `bam.validate` / `bedtools` appears in governed report section `alignment_intake` with summary table `alignment_baseline` through `bam_report_map`
bam:corpus-01-bam-mini:bam.validate:sample-set:samtools	bam	bam.validate	samtools	corpus-01-bam-mini	corpus_only	bam.adapter.validate	bam.parser.validate	bam_validate_normalized_v1	alignment_intake	alignment_intake	alignment_baseline	bam_report_map	covered	active row `bam` / `bam.validate` / `samtools` appears in governed report section `alignment_intake` with summary table `alignment_baseline` through `bam_report_map`
fastq:corpus-03-amplicon-mini:fastq.cluster_otus:sample-set:vsearch	fastq	fastq.cluster_otus	vsearch	corpus-03-amplicon-mini	corpus_only	fastq.adapter.cluster_otus	fastq.parser.cluster_otus	fastq_cluster_otus_v1	amplicon_interpretation	amplicon_interpretation	amplicon_features	fastq_report_map	covered	active row `fastq` / `fastq.cluster_otus` / `vsearch` appears in governed report section `amplicon_interpretation` with summary table `amplicon_features` through `fastq_report_map`
fastq:corpus-01-mini:fastq.correct_errors:sample-set:bayeshammer	fastq	fastq.correct_errors	bayeshammer	corpus-01-mini	corpus_only	fastq.adapter.correct_errors	fastq.parser.correct_errors	fastq_correct_errors_v1	read_cleanup	read_cleanup	cleanup_retention	fastq_report_map	covered	active row `fastq` / `fastq.correct_errors` / `bayeshammer` appears in governed report section `read_cleanup` with summary table `cleanup_retention` through `fastq_report_map`
fastq:corpus-01-mini:fastq.correct_errors:sample-set:lighter	fastq	fastq.correct_errors	lighter	corpus-01-mini	corpus_only	fastq.adapter.correct_errors	fastq.parser.correct_errors	fastq_correct_errors_v1	read_cleanup	read_cleanup	cleanup_retention	fastq_report_map	covered	active row `fastq` / `fastq.correct_errors` / `lighter` appears in governed report section `read_cleanup` with summary table `cleanup_retention` through `fastq_report_map`
fastq:corpus-01-mini:fastq.correct_errors:sample-set:musket	fastq	fastq.correct_errors	musket	corpus-01-mini	corpus_only	fastq.adapter.correct_errors	fastq.parser.correct_errors	fastq_correct_errors_v1	read_cleanup	read_cleanup	cleanup_retention	fastq_report_map	covered	active row `fastq` / `fastq.correct_errors` / `musket` appears in governed report section `read_cleanup` with summary table `cleanup_retention` through `fastq_report_map`
fastq:corpus-01-mini:fastq.correct_errors:sample-set:rcorrector	fastq	fastq.correct_errors	rcorrector	corpus-01-mini	corpus_only	fastq.adapter.correct_errors	fastq.parser.correct_errors	fastq_correct_errors_v1	read_cleanup	read_cleanup	cleanup_retention	fastq_report_map	covered	active row `fastq` / `fastq.correct_errors` / `rcorrector` appears in governed report section `read_cleanup` with summary table `cleanup_retention` through `fastq_report_map`
fastq:corpus-01-mini:fastq.deplete_host:sample-set:bowtie2	fastq	fastq.deplete_host	bowtie2	corpus-01-mini	reference_catalog_id+reference_index_artifact_id	fastq.adapter.deplete_host	fastq.parser.deplete_host	fastq_deplete_host_v1	contamination_screening	contamination_screening	screening_contamination	fastq_report_map	covered	active row `fastq` / `fastq.deplete_host` / `bowtie2` appears in governed report section `contamination_screening` with summary table `screening_contamination` through `fastq_report_map`
fastq:corpus-01-mini:fastq.deplete_reference_contaminants:sample-set:bowtie2	fastq	fastq.deplete_reference_contaminants	bowtie2	corpus-01-mini	reference_catalog_id+reference_index_artifact_id	fastq.adapter.deplete_reference_contaminants	fastq.parser.deplete_reference_contaminants	fastq_deplete_reference_contaminants_v1	contamination_screening	contamination_screening	screening_contamination	fastq_report_map	covered	active row `fastq` / `fastq.deplete_reference_contaminants` / `bowtie2` appears in governed report section `contamination_screening` with summary table `screening_contamination` through `fastq_report_map`
fastq:corpus-01-mini:fastq.deplete_rrna:sample-set:sortmerna	fastq	fastq.deplete_rrna	sortmerna	corpus-01-mini	database_artifact_id+rrna_reference	fastq.adapter.deplete_rrna	fastq.parser.deplete_rrna	fastq_deplete_rrna_v2	contamination_screening	contamination_screening	screening_contamination	fastq_report_map	covered	active row `fastq` / `fastq.deplete_rrna` / `sortmerna` appears in governed report section `contamination_screening` with summary table `screening_contamination` through `fastq_report_map`
fastq:corpus-01-mini:fastq.detect_adapters:sample-set:fastqc	fastq	fastq.detect_adapters	fastqc	corpus-01-mini	corpus_only	fastq.adapter.detect_adapters	fastq.parser.detect_adapters	fastq_detect_adapters_v1	quality_profiling	quality_profiling	qc_signal_profiles	fastq_report_map	covered	active row `fastq` / `fastq.detect_adapters` / `fastqc` appears in governed report section `quality_profiling` with summary table `qc_signal_profiles` through `fastq_report_map`
fastq:corpus-01-mini:fastq.detect_duplicates_premerge:sample-set:bijux_dna	fastq	fastq.detect_duplicates_premerge	bijux_dna	corpus-01-mini	corpus_only	fastq.adapter.detect_duplicates_premerge	fastq.parser.detect_duplicates_premerge	fastq_detect_duplicates_premerge_v1	quality_profiling	quality_profiling	premerge_complexity	fastq_report_map	covered	active row `fastq` / `fastq.detect_duplicates_premerge` / `bijux_dna` appears in governed report section `quality_profiling` with summary table `premerge_complexity` through `fastq_report_map`
fastq:corpus-01-mini:fastq.extract_umis:sample-set:umi_tools	fastq	fastq.extract_umis	umi_tools	corpus-01-mini	corpus_only	fastq.adapter.extract_umis	fastq.parser.extract_umis	fastq_extract_umis_v1	read_cleanup	read_cleanup	cleanup_retention	fastq_report_map	covered	active row `fastq` / `fastq.extract_umis` / `umi_tools` appears in governed report section `read_cleanup` with summary table `cleanup_retention` through `fastq_report_map`
fastq:corpus-01-mini:fastq.filter_low_complexity:sample-set:bbduk	fastq	fastq.filter_low_complexity	bbduk	corpus-01-mini	corpus_only	fastq.adapter.filter_low_complexity	fastq.parser.filter_low_complexity	fastq_low_complexity_v1	read_cleanup	read_cleanup	cleanup_retention	fastq_report_map	covered	active row `fastq` / `fastq.filter_low_complexity` / `bbduk` appears in governed report section `read_cleanup` with summary table `cleanup_retention` through `fastq_report_map`
fastq:corpus-01-mini:fastq.filter_low_complexity:sample-set:prinseq	fastq	fastq.filter_low_complexity	prinseq	corpus-01-mini	corpus_only	fastq.adapter.filter_low_complexity	fastq.parser.filter_low_complexity	fastq_low_complexity_v1	read_cleanup	read_cleanup	cleanup_retention	fastq_report_map	covered	active row `fastq` / `fastq.filter_low_complexity` / `prinseq` appears in governed report section `read_cleanup` with summary table `cleanup_retention` through `fastq_report_map`
fastq:corpus-01-mini:fastq.filter_reads:sample-set:bbduk	fastq	fastq.filter_reads	bbduk	corpus-01-mini	corpus_only	fastq.adapter.filter_reads	fastq.parser.filter_reads	fastq_filter_reads_v2	read_cleanup	read_cleanup	cleanup_retention	fastq_report_map	covered	active row `fastq` / `fastq.filter_reads` / `bbduk` appears in governed report section `read_cleanup` with summary table `cleanup_retention` through `fastq_report_map`
fastq:corpus-01-mini:fastq.filter_reads:sample-set:fastp	fastq	fastq.filter_reads	fastp	corpus-01-mini	corpus_only	fastq.adapter.filter_reads	fastq.parser.filter_reads	fastq_filter_reads_v2	read_cleanup	read_cleanup	cleanup_retention	fastq_report_map	covered	active row `fastq` / `fastq.filter_reads` / `fastp` appears in governed report section `read_cleanup` with summary table `cleanup_retention` through `fastq_report_map`
fastq:corpus-01-mini:fastq.filter_reads:sample-set:prinseq	fastq	fastq.filter_reads	prinseq	corpus-01-mini	corpus_only	fastq.adapter.filter_reads	fastq.parser.filter_reads	fastq_filter_reads_v2	read_cleanup	read_cleanup	cleanup_retention	fastq_report_map	covered	active row `fastq` / `fastq.filter_reads` / `prinseq` appears in governed report section `read_cleanup` with summary table `cleanup_retention` through `fastq_report_map`
fastq:corpus-01-mini:fastq.filter_reads:sample-set:seqkit	fastq	fastq.filter_reads	seqkit	corpus-01-mini	corpus_only	fastq.adapter.filter_reads	fastq.parser.filter_reads	fastq_filter_reads_v2	read_cleanup	read_cleanup	cleanup_retention	fastq_report_map	covered	active row `fastq` / `fastq.filter_reads` / `seqkit` appears in governed report section `read_cleanup` with summary table `cleanup_retention` through `fastq_report_map`
fastq:corpus-03-amplicon-mini:fastq.infer_asvs:sample-set:dada2	fastq	fastq.infer_asvs	dada2	corpus-03-amplicon-mini	corpus_only	fastq.adapter.infer_asvs	fastq.parser.infer_asvs	fastq_infer_asvs_v1	amplicon_interpretation	amplicon_interpretation	amplicon_features	fastq_report_map	covered	active row `fastq` / `fastq.infer_asvs` / `dada2` appears in governed report section `amplicon_interpretation` with summary table `amplicon_features` through `fastq_report_map`
fastq:corpus-01-mini:fastq.merge_pairs:sample-set:adapterremoval	fastq	fastq.merge_pairs	adapterremoval	corpus-01-mini	corpus_only	fastq.adapter.merge_pairs	fastq.parser.merge_pairs	fastq_merge_pairs_v1	read_cleanup	read_cleanup	cleanup_retention	fastq_report_map	covered	active row `fastq` / `fastq.merge_pairs` / `adapterremoval` appears in governed report section `read_cleanup` with summary table `cleanup_retention` through `fastq_report_map`
fastq:corpus-01-mini:fastq.merge_pairs:sample-set:bbmerge	fastq	fastq.merge_pairs	bbmerge	corpus-01-mini	corpus_only	fastq.adapter.merge_pairs	fastq.parser.merge_pairs	fastq_merge_pairs_v1	read_cleanup	read_cleanup	cleanup_retention	fastq_report_map	covered	active row `fastq` / `fastq.merge_pairs` / `bbmerge` appears in governed report section `read_cleanup` with summary table `cleanup_retention` through `fastq_report_map`
fastq:corpus-01-mini:fastq.merge_pairs:sample-set:flash2	fastq	fastq.merge_pairs	flash2	corpus-01-mini	corpus_only	fastq.adapter.merge_pairs	fastq.parser.merge_pairs	fastq_merge_pairs_v1	read_cleanup	read_cleanup	cleanup_retention	fastq_report_map	covered	active row `fastq` / `fastq.merge_pairs` / `flash2` appears in governed report section `read_cleanup` with summary table `cleanup_retention` through `fastq_report_map`
fastq:corpus-01-mini:fastq.merge_pairs:sample-set:leehom	fastq	fastq.merge_pairs	leehom	corpus-01-mini	corpus_only	fastq.adapter.merge_pairs	fastq.parser.merge_pairs	fastq_merge_pairs_v1	read_cleanup	read_cleanup	cleanup_retention	fastq_report_map	covered	active row `fastq` / `fastq.merge_pairs` / `leehom` appears in governed report section `read_cleanup` with summary table `cleanup_retention` through `fastq_report_map`
fastq:corpus-01-mini:fastq.merge_pairs:sample-set:pear	fastq	fastq.merge_pairs	pear	corpus-01-mini	corpus_only	fastq.adapter.merge_pairs	fastq.parser.merge_pairs	fastq_merge_pairs_v1	read_cleanup	read_cleanup	cleanup_retention	fastq_report_map	covered	active row `fastq` / `fastq.merge_pairs` / `pear` appears in governed report section `read_cleanup` with summary table `cleanup_retention` through `fastq_report_map`
fastq:corpus-01-mini:fastq.merge_pairs:sample-set:vsearch	fastq	fastq.merge_pairs	vsearch	corpus-01-mini	corpus_only	fastq.adapter.merge_pairs	fastq.parser.merge_pairs	fastq_merge_pairs_v1	read_cleanup	read_cleanup	cleanup_retention	fastq_report_map	covered	active row `fastq` / `fastq.merge_pairs` / `vsearch` appears in governed report section `read_cleanup` with summary table `cleanup_retention` through `fastq_report_map`
fastq:corpus-03-amplicon-mini:fastq.normalize_abundance:sample-set:seqkit	fastq	fastq.normalize_abundance	seqkit	corpus-03-amplicon-mini	corpus_only	fastq.adapter.normalize_abundance	fastq.parser.normalize_abundance	fastq_normalize_abundance_v1	amplicon_interpretation	amplicon_interpretation	amplicon_features	fastq_report_map	covered	active row `fastq` / `fastq.normalize_abundance` / `seqkit` appears in governed report section `amplicon_interpretation` with summary table `amplicon_features` through `fastq_report_map`
fastq:corpus-03-amplicon-mini:fastq.normalize_primers:sample-set:cutadapt	fastq	fastq.normalize_primers	cutadapt	corpus-03-amplicon-mini	corpus_only	fastq.adapter.normalize_primers	fastq.parser.normalize_primers	fastq_normalize_primers_v1	amplicon_interpretation	amplicon_interpretation	amplicon_features	fastq_report_map	covered	active row `fastq` / `fastq.normalize_primers` / `cutadapt` appears in governed report section `amplicon_interpretation` with summary table `amplicon_features` through `fastq_report_map`
fastq:corpus-01-mini:fastq.profile_read_lengths:sample-set:fastp	fastq	fastq.profile_read_lengths	fastp	corpus-01-mini	corpus_only	fastq.adapter.profile_read_lengths	fastq.parser.profile_read_lengths	fastq_profile_read_lengths_v1	quality_profiling	quality_profiling	qc_signal_profiles	fastq_report_map	covered	active row `fastq` / `fastq.profile_read_lengths` / `fastp` appears in governed report section `quality_profiling` with summary table `qc_signal_profiles` through `fastq_report_map`
fastq:corpus-01-mini:fastq.profile_read_lengths:sample-set:prinseq	fastq	fastq.profile_read_lengths	prinseq	corpus-01-mini	corpus_only	fastq.adapter.profile_read_lengths	fastq.parser.profile_read_lengths	fastq_profile_read_lengths_v1	quality_profiling	quality_profiling	qc_signal_profiles	fastq_report_map	covered	active row `fastq` / `fastq.profile_read_lengths` / `prinseq` appears in governed report section `quality_profiling` with summary table `qc_signal_profiles` through `fastq_report_map`
fastq:corpus-01-mini:fastq.profile_read_lengths:sample-set:seqfu	fastq	fastq.profile_read_lengths	seqfu	corpus-01-mini	corpus_only	fastq.adapter.profile_read_lengths	fastq.parser.profile_read_lengths	fastq_profile_read_lengths_v1	quality_profiling	quality_profiling	qc_signal_profiles	fastq_report_map	covered	active row `fastq` / `fastq.profile_read_lengths` / `seqfu` appears in governed report section `quality_profiling` with summary table `qc_signal_profiles` through `fastq_report_map`
fastq:corpus-01-mini:fastq.profile_read_lengths:sample-set:seqkit_stats	fastq	fastq.profile_read_lengths	seqkit_stats	corpus-01-mini	corpus_only	fastq.adapter.profile_read_lengths	fastq.parser.profile_read_lengths	fastq_profile_read_lengths_v1	quality_profiling	quality_profiling	qc_signal_profiles	fastq_report_map	covered	active row `fastq` / `fastq.profile_read_lengths` / `seqkit_stats` appears in governed report section `quality_profiling` with summary table `qc_signal_profiles` through `fastq_report_map`
fastq:corpus-01-mini:fastq.profile_reads:sample-set:seqfu	fastq	fastq.profile_reads	seqfu	corpus-01-mini	corpus_only	fastq.adapter.profile_reads	fastq.parser.profile_reads	fastq_profile_reads_v1	quality_profiling	quality_profiling	qc_signal_profiles	fastq_report_map	covered	active row `fastq` / `fastq.profile_reads` / `seqfu` appears in governed report section `quality_profiling` with summary table `qc_signal_profiles` through `fastq_report_map`
fastq:corpus-01-mini:fastq.profile_reads:sample-set:seqkit	fastq	fastq.profile_reads	seqkit	corpus-01-mini	corpus_only	fastq.adapter.profile_reads	fastq.parser.profile_reads	fastq_profile_reads_v1	quality_profiling	quality_profiling	qc_signal_profiles	fastq_report_map	covered	active row `fastq` / `fastq.profile_reads` / `seqkit` appears in governed report section `quality_profiling` with summary table `qc_signal_profiles` through `fastq_report_map`
fastq:corpus-01-mini:fastq.profile_reads:sample-set:seqkit_stats	fastq	fastq.profile_reads	seqkit_stats	corpus-01-mini	corpus_only	fastq.adapter.profile_reads	fastq.parser.profile_reads	fastq_profile_reads_v1	quality_profiling	quality_profiling	qc_signal_profiles	fastq_report_map	covered	active row `fastq` / `fastq.profile_reads` / `seqkit_stats` appears in governed report section `quality_profiling` with summary table `qc_signal_profiles` through `fastq_report_map`
fastq:corpus-03-amplicon-mini:fastq.remove_chimeras:sample-set:vsearch	fastq	fastq.remove_chimeras	vsearch	corpus-03-amplicon-mini	corpus_only	fastq.adapter.remove_chimeras	fastq.parser.remove_chimeras	fastq_remove_chimeras_v1	amplicon_interpretation	amplicon_interpretation	amplicon_features	fastq_report_map	covered	active row `fastq` / `fastq.remove_chimeras` / `vsearch` appears in governed report section `amplicon_interpretation` with summary table `amplicon_features` through `fastq_report_map`
fastq:corpus-01-mini:fastq.remove_duplicates:sample-set:clumpify	fastq	fastq.remove_duplicates	clumpify	corpus-01-mini	corpus_only	fastq.adapter.remove_duplicates	fastq.parser.remove_duplicates	fastq_deduplicate_v1	read_cleanup	read_cleanup	cleanup_retention	fastq_report_map	covered	active row `fastq` / `fastq.remove_duplicates` / `clumpify` appears in governed report section `read_cleanup` with summary table `cleanup_retention` through `fastq_report_map`
fastq:corpus-01-mini:fastq.remove_duplicates:sample-set:fastuniq	fastq	fastq.remove_duplicates	fastuniq	corpus-01-mini	corpus_only	fastq.adapter.remove_duplicates	fastq.parser.remove_duplicates	fastq_deduplicate_v1	read_cleanup	read_cleanup	cleanup_retention	fastq_report_map	covered	active row `fastq` / `fastq.remove_duplicates` / `fastuniq` appears in governed report section `read_cleanup` with summary table `cleanup_retention` through `fastq_report_map`
fastq:corpus-02-edna-mini:fastq.screen_taxonomy:sample-set:centrifuge	fastq	fastq.screen_taxonomy	centrifuge	corpus-02-edna-mini	database_artifact_id+taxonomy_database_root	fastq.adapter.screen_taxonomy	fastq.parser.screen_taxonomy	fastq_screen_taxonomy_v1	contamination_screening	contamination_screening	screening_contamination	fastq_report_map	covered	active row `fastq` / `fastq.screen_taxonomy` / `centrifuge` appears in governed report section `contamination_screening` with summary table `screening_contamination` through `fastq_report_map`
fastq:corpus-02-edna-mini:fastq.screen_taxonomy:sample-set:kaiju	fastq	fastq.screen_taxonomy	kaiju	corpus-02-edna-mini	database_artifact_id+taxonomy_database_root	fastq.adapter.screen_taxonomy	fastq.parser.screen_taxonomy	fastq_screen_taxonomy_v1	contamination_screening	contamination_screening	screening_contamination	fastq_report_map	covered	active row `fastq` / `fastq.screen_taxonomy` / `kaiju` appears in governed report section `contamination_screening` with summary table `screening_contamination` through `fastq_report_map`
fastq:corpus-02-edna-mini:fastq.screen_taxonomy:sample-set:kraken2	fastq	fastq.screen_taxonomy	kraken2	corpus-02-edna-mini	database_artifact_id+taxonomy_database_root	fastq.adapter.screen_taxonomy	fastq.parser.screen_taxonomy	fastq_screen_taxonomy_v1	contamination_screening	contamination_screening	screening_contamination	fastq_report_map	covered	active row `fastq` / `fastq.screen_taxonomy` / `kraken2` appears in governed report section `contamination_screening` with summary table `screening_contamination` through `fastq_report_map`
fastq:corpus-02-edna-mini:fastq.screen_taxonomy:sample-set:krakenuniq	fastq	fastq.screen_taxonomy	krakenuniq	corpus-02-edna-mini	database_artifact_id+taxonomy_database_root	fastq.adapter.screen_taxonomy	fastq.parser.screen_taxonomy	fastq_screen_taxonomy_v1	contamination_screening	contamination_screening	screening_contamination	fastq_report_map	covered	active row `fastq` / `fastq.screen_taxonomy` / `krakenuniq` appears in governed report section `contamination_screening` with summary table `screening_contamination` through `fastq_report_map`
fastq:corpus-01-mini:fastq.trim_polyg_tails:sample-set:bbduk	fastq	fastq.trim_polyg_tails	bbduk	corpus-01-mini	corpus_only	fastq.adapter.trim_polyg_tails	fastq.parser.trim_polyg_tails	fastq_trim_polyg_tails_v1	read_cleanup	read_cleanup	cleanup_retention	fastq_report_map	covered	active row `fastq` / `fastq.trim_polyg_tails` / `bbduk` appears in governed report section `read_cleanup` with summary table `cleanup_retention` through `fastq_report_map`
fastq:corpus-01-mini:fastq.trim_polyg_tails:sample-set:fastp	fastq	fastq.trim_polyg_tails	fastp	corpus-01-mini	corpus_only	fastq.adapter.trim_polyg_tails	fastq.parser.trim_polyg_tails	fastq_trim_polyg_tails_v1	read_cleanup	read_cleanup	cleanup_retention	fastq_report_map	covered	active row `fastq` / `fastq.trim_polyg_tails` / `fastp` appears in governed report section `read_cleanup` with summary table `cleanup_retention` through `fastq_report_map`
fastq:corpus-01-mini:fastq.trim_reads:sample-set:adapterremoval	fastq	fastq.trim_reads	adapterremoval	corpus-01-mini	corpus_only	fastq.adapter.trim_reads	fastq.parser.trim_reads	fastq_trim_reads_v2	read_cleanup	read_cleanup	cleanup_retention	fastq_report_map	covered	active row `fastq` / `fastq.trim_reads` / `adapterremoval` appears in governed report section `read_cleanup` with summary table `cleanup_retention` through `fastq_report_map`
fastq:corpus-01-mini:fastq.trim_reads:sample-set:alientrimmer	fastq	fastq.trim_reads	alientrimmer	corpus-01-mini	corpus_only	fastq.adapter.trim_reads	fastq.parser.trim_reads	fastq_trim_reads_v2	read_cleanup	read_cleanup	cleanup_retention	fastq_report_map	covered	active row `fastq` / `fastq.trim_reads` / `alientrimmer` appears in governed report section `read_cleanup` with summary table `cleanup_retention` through `fastq_report_map`
fastq:corpus-01-mini:fastq.trim_reads:sample-set:atropos	fastq	fastq.trim_reads	atropos	corpus-01-mini	corpus_only	fastq.adapter.trim_reads	fastq.parser.trim_reads	fastq_trim_reads_v2	read_cleanup	read_cleanup	cleanup_retention	fastq_report_map	covered	active row `fastq` / `fastq.trim_reads` / `atropos` appears in governed report section `read_cleanup` with summary table `cleanup_retention` through `fastq_report_map`
fastq:corpus-01-mini:fastq.trim_reads:sample-set:bbduk	fastq	fastq.trim_reads	bbduk	corpus-01-mini	corpus_only	fastq.adapter.trim_reads	fastq.parser.trim_reads	fastq_trim_reads_v2	read_cleanup	read_cleanup	cleanup_retention	fastq_report_map	covered	active row `fastq` / `fastq.trim_reads` / `bbduk` appears in governed report section `read_cleanup` with summary table `cleanup_retention` through `fastq_report_map`
fastq:corpus-01-mini:fastq.trim_reads:sample-set:cutadapt	fastq	fastq.trim_reads	cutadapt	corpus-01-mini	corpus_only	fastq.adapter.trim_reads	fastq.parser.trim_reads	fastq_trim_reads_v2	read_cleanup	read_cleanup	cleanup_retention	fastq_report_map	covered	active row `fastq` / `fastq.trim_reads` / `cutadapt` appears in governed report section `read_cleanup` with summary table `cleanup_retention` through `fastq_report_map`
fastq:corpus-01-mini:fastq.trim_reads:sample-set:fastp	fastq	fastq.trim_reads	fastp	corpus-01-mini	corpus_only	fastq.adapter.trim_reads	fastq.parser.trim_reads	fastq_trim_reads_v2	read_cleanup	read_cleanup	cleanup_retention	fastq_report_map	covered	active row `fastq` / `fastq.trim_reads` / `fastp` appears in governed report section `read_cleanup` with summary table `cleanup_retention` through `fastq_report_map`
fastq:corpus-01-mini:fastq.trim_reads:sample-set:fastx_clipper	fastq	fastq.trim_reads	fastx_clipper	corpus-01-mini	corpus_only	fastq.adapter.trim_reads	fastq.parser.trim_reads	fastq_trim_reads_v2	read_cleanup	read_cleanup	cleanup_retention	fastq_report_map	covered	active row `fastq` / `fastq.trim_reads` / `fastx_clipper` appears in governed report section `read_cleanup` with summary table `cleanup_retention` through `fastq_report_map`
fastq:corpus-01-mini:fastq.trim_reads:sample-set:leehom	fastq	fastq.trim_reads	leehom	corpus-01-mini	corpus_only	fastq.adapter.trim_reads	fastq.parser.trim_reads	fastq_trim_reads_v2	read_cleanup	read_cleanup	cleanup_retention	fastq_report_map	covered	active row `fastq` / `fastq.trim_reads` / `leehom` appears in governed report section `read_cleanup` with summary table `cleanup_retention` through `fastq_report_map`
fastq:corpus-01-mini:fastq.trim_reads:sample-set:prinseq	fastq	fastq.trim_reads	prinseq	corpus-01-mini	corpus_only	fastq.adapter.trim_reads	fastq.parser.trim_reads	fastq_trim_reads_v2	read_cleanup	read_cleanup	cleanup_retention	fastq_report_map	covered	active row `fastq` / `fastq.trim_reads` / `prinseq` appears in governed report section `read_cleanup` with summary table `cleanup_retention` through `fastq_report_map`
fastq:corpus-01-mini:fastq.trim_reads:sample-set:seqkit	fastq	fastq.trim_reads	seqkit	corpus-01-mini	corpus_only	fastq.adapter.trim_reads	fastq.parser.trim_reads	fastq_trim_reads_v2	read_cleanup	read_cleanup	cleanup_retention	fastq_report_map	covered	active row `fastq` / `fastq.trim_reads` / `seqkit` appears in governed report section `read_cleanup` with summary table `cleanup_retention` through `fastq_report_map`
fastq:corpus-01-mini:fastq.trim_reads:sample-set:skewer	fastq	fastq.trim_reads	skewer	corpus-01-mini	corpus_only	fastq.adapter.trim_reads	fastq.parser.trim_reads	fastq_trim_reads_v2	read_cleanup	read_cleanup	cleanup_retention	fastq_report_map	covered	active row `fastq` / `fastq.trim_reads` / `skewer` appears in governed report section `read_cleanup` with summary table `cleanup_retention` through `fastq_report_map`
fastq:corpus-01-mini:fastq.trim_reads:sample-set:trim_galore	fastq	fastq.trim_reads	trim_galore	corpus-01-mini	corpus_only	fastq.adapter.trim_reads	fastq.parser.trim_reads	fastq_trim_reads_v2	read_cleanup	read_cleanup	cleanup_retention	fastq_report_map	covered	active row `fastq` / `fastq.trim_reads` / `trim_galore` appears in governed report section `read_cleanup` with summary table `cleanup_retention` through `fastq_report_map`
fastq:corpus-01-mini:fastq.trim_reads:sample-set:trimmomatic	fastq	fastq.trim_reads	trimmomatic	corpus-01-mini	corpus_only	fastq.adapter.trim_reads	fastq.parser.trim_reads	fastq_trim_reads_v2	read_cleanup	read_cleanup	cleanup_retention	fastq_report_map	covered	active row `fastq` / `fastq.trim_reads` / `trimmomatic` appears in governed report section `read_cleanup` with summary table `cleanup_retention` through `fastq_report_map`
fastq:corpus-01-mini:fastq.trim_terminal_damage:sample-set:adapterremoval	fastq	fastq.trim_terminal_damage	adapterremoval	corpus-01-mini	corpus_only	fastq.adapter.trim_terminal_damage	fastq.parser.trim_terminal_damage	fastq_trim_terminal_damage_v2	read_cleanup	read_cleanup	cleanup_retention	fastq_report_map	covered	active row `fastq` / `fastq.trim_terminal_damage` / `adapterremoval` appears in governed report section `read_cleanup` with summary table `cleanup_retention` through `fastq_report_map`
fastq:corpus-01-mini:fastq.trim_terminal_damage:sample-set:cutadapt	fastq	fastq.trim_terminal_damage	cutadapt	corpus-01-mini	corpus_only	fastq.adapter.trim_terminal_damage	fastq.parser.trim_terminal_damage	fastq_trim_terminal_damage_v2	read_cleanup	read_cleanup	cleanup_retention	fastq_report_map	covered	active row `fastq` / `fastq.trim_terminal_damage` / `cutadapt` appears in governed report section `read_cleanup` with summary table `cleanup_retention` through `fastq_report_map`
fastq:corpus-01-mini:fastq.trim_terminal_damage:sample-set:seqkit	fastq	fastq.trim_terminal_damage	seqkit	corpus-01-mini	corpus_only	fastq.adapter.trim_terminal_damage	fastq.parser.trim_terminal_damage	fastq_trim_terminal_damage_v2	read_cleanup	read_cleanup	cleanup_retention	fastq_report_map	covered	active row `fastq` / `fastq.trim_terminal_damage` / `seqkit` appears in governed report section `read_cleanup` with summary table `cleanup_retention` through `fastq_report_map`
fastq:corpus-01-mini:fastq.validate_reads:sample-set:fastq_scan	fastq	fastq.validate_reads	fastq_scan	corpus-01-mini	corpus_only	fastq.adapter.validate_reads	fastq.parser.validate_reads	fastq_validate_reads_v1	input_readiness	input_readiness	validation_intake	fastq_report_map	covered	active row `fastq` / `fastq.validate_reads` / `fastq_scan` appears in governed report section `input_readiness` with summary table `validation_intake` through `fastq_report_map`
fastq:corpus-01-mini:fastq.validate_reads:sample-set:fastqc	fastq	fastq.validate_reads	fastqc	corpus-01-mini	corpus_only	fastq.adapter.validate_reads	fastq.parser.validate_reads	fastq_validate_reads_v1	input_readiness	input_readiness	validation_intake	fastq_report_map	covered	active row `fastq` / `fastq.validate_reads` / `fastqc` appears in governed report section `input_readiness` with summary table `validation_intake` through `fastq_report_map`
fastq:corpus-01-mini:fastq.validate_reads:sample-set:fastqvalidator	fastq	fastq.validate_reads	fastqvalidator	corpus-01-mini	corpus_only	fastq.adapter.validate_reads	fastq.parser.validate_reads	fastq_validate_reads_v1	input_readiness	input_readiness	validation_intake	fastq_report_map	covered	active row `fastq` / `fastq.validate_reads` / `fastqvalidator` appears in governed report section `input_readiness` with summary table `validation_intake` through `fastq_report_map`
fastq:corpus-01-mini:fastq.validate_reads:sample-set:fqtools	fastq	fastq.validate_reads	fqtools	corpus-01-mini	corpus_only	fastq.adapter.validate_reads	fastq.parser.validate_reads	fastq_validate_reads_v1	input_readiness	input_readiness	validation_intake	fastq_report_map	covered	active row `fastq` / `fastq.validate_reads` / `fqtools` appears in governed report section `input_readiness` with summary table `validation_intake` through `fastq_report_map`
fastq:corpus-01-mini:fastq.validate_reads:sample-set:seqtk	fastq	fastq.validate_reads	seqtk	corpus-01-mini	corpus_only	fastq.adapter.validate_reads	fastq.parser.validate_reads	fastq_validate_reads_v1	input_readiness	input_readiness	validation_intake	fastq_report_map	covered	active row `fastq` / `fastq.validate_reads` / `seqtk` appears in governed report section `input_readiness` with summary table `validation_intake` through `fastq_report_map`
vcf:vcf_production_regression:vcf.call:bam_bundle:bcftools	vcf	vcf.call	bcftools	vcf_production_regression	bam_bundle	vcf.adapter.calling	vcf.parser.call_summary	bijux.schemas.bench.vcf-normalized-metrics.call.v1	variant_calling	variant_calling	variant_calling_metrics	vcf_report_map	covered	active row `vcf` / `vcf.call` / `bcftools` appears in governed report section `variant_calling` with summary table `variant_calling_metrics` through `vcf_report_map`
vcf:vcf_production_regression:vcf.call_diploid:bam_bundle:bcftools	vcf	vcf.call_diploid	bcftools	vcf_production_regression	bam_bundle	vcf.adapter.calling	vcf.parser.call_summary	bijux.schemas.bench.vcf-normalized-metrics.call-diploid.v1	variant_calling	variant_calling	variant_calling_metrics	vcf_report_map	covered	active row `vcf` / `vcf.call_diploid` / `bcftools` appears in governed report section `variant_calling` with summary table `variant_calling_metrics` through `vcf_report_map`
vcf:vcf_production_regression:vcf.call_gl:bam_bundle:bcftools	vcf	vcf.call_gl	bcftools	vcf_production_regression	bam_bundle	vcf.adapter.calling	vcf.parser.call_summary	bijux.schemas.bench.vcf-normalized-metrics.call-gl.v1	variant_calling	variant_calling	variant_calling_metrics	vcf_report_map	covered	active row `vcf` / `vcf.call_gl` / `bcftools` appears in governed report section `variant_calling` with summary table `variant_calling_metrics` through `vcf_report_map`
vcf:vcf_production_regression:vcf.call_pseudohaploid:bam_bundle:bcftools	vcf	vcf.call_pseudohaploid	bcftools	vcf_production_regression	bam_bundle	vcf.adapter.calling	vcf.parser.call_summary	bijux.schemas.bench.vcf-normalized-metrics.call-pseudohaploid.v1	variant_calling	variant_calling	variant_calling_metrics	vcf_report_map	covered	active row `vcf` / `vcf.call_pseudohaploid` / `bcftools` appears in governed report section `variant_calling` with summary table `variant_calling_metrics` through `vcf_report_map`
vcf:vcf_production_regression:vcf.damage_filter:vcf_single_sample:bcftools	vcf	vcf.damage_filter	bcftools	vcf_production_regression	vcf_single_sample	vcf.adapter.transform	vcf.parser.vcf_output	bijux.schemas.bench.vcf-normalized-metrics.damage-filter.v1	damage_aware_filtering	damage_aware_filtering	damage_filtering_metrics	vcf_report_map	covered	active row `vcf` / `vcf.damage_filter` / `bcftools` appears in governed report section `damage_aware_filtering` with summary table `damage_filtering_metrics` through `vcf_report_map`
vcf:vcf_production_regression:vcf.filter:vcf_single_sample:bcftools	vcf	vcf.filter	bcftools	vcf_production_regression	vcf_single_sample	vcf.adapter.transform	vcf.parser.vcf_output	bijux.schemas.bench.vcf-normalized-metrics.filter.v1	quality_control	quality_control	quality_control_metrics	vcf_report_map	covered	active row `vcf` / `vcf.filter` / `bcftools` appears in governed report section `quality_control` with summary table `quality_control_metrics` through `vcf_report_map`
vcf:vcf_production_regression:vcf.gl_propagation:vcf_single_sample:bcftools	vcf	vcf.gl_propagation	bcftools	vcf_production_regression	vcf_single_sample	vcf.adapter.transform	vcf.parser.vcf_output	bijux.schemas.bench.vcf-normalized-metrics.gl-propagation.v1	likelihood_postprocess	likelihood_postprocess	likelihood_postprocess_metrics	vcf_report_map	covered	active row `vcf` / `vcf.gl_propagation` / `bcftools` appears in governed report section `likelihood_postprocess` with summary table `likelihood_postprocess_metrics` through `vcf_report_map`
vcf:vcf_production_regression:vcf.postprocess:vcf_single_sample:bcftools	vcf	vcf.postprocess	bcftools	vcf_production_regression	vcf_single_sample	vcf.adapter.transform	vcf.parser.vcf_output	bijux.schemas.bench.vcf-normalized-metrics.postprocess.v1	normalization	normalization	normalization_metrics	vcf_report_map	covered	active row `vcf` / `vcf.postprocess` / `bcftools` appears in governed report section `normalization` with summary table `normalization_metrics` through `vcf_report_map`
vcf:vcf_production_regression:vcf.qc:vcf_cohort:bcftools	vcf	vcf.qc	bcftools	vcf_production_regression	vcf_cohort	vcf.adapter.quality_control	vcf.parser.qc_report	bijux.schemas.bench.vcf-normalized-metrics.qc.v1	quality_control	quality_control	quality_control_metrics	vcf_report_map	covered	active row `vcf` / `vcf.qc` / `bcftools` appears in governed report section `quality_control` with summary table `quality_control_metrics` through `vcf_report_map`
vcf:vcf_production_regression:vcf.qc:vcf_cohort:plink	vcf	vcf.qc	plink	vcf_production_regression	vcf_cohort	vcf.adapter.quality_control	vcf.parser.qc_report	bijux.schemas.bench.vcf-normalized-metrics.qc.v1	quality_control	quality_control	quality_control_metrics	vcf_report_map	covered	active row `vcf` / `vcf.qc` / `plink` appears in governed report section `quality_control` with summary table `quality_control_metrics` through `vcf_report_map`
vcf:vcf_production_regression:vcf.qc:vcf_cohort:plink2	vcf	vcf.qc	plink2	vcf_production_regression	vcf_cohort	vcf.adapter.quality_control	vcf.parser.qc_report	bijux.schemas.bench.vcf-normalized-metrics.qc.v1	quality_control	quality_control	quality_control_metrics	vcf_report_map	covered	active row `vcf` / `vcf.qc` / `plink2` appears in governed report section `quality_control` with summary table `quality_control_metrics` through `vcf_report_map`
vcf:vcf_production_regression:vcf.stats:vcf_cohort:bcftools	vcf	vcf.stats	bcftools	vcf_production_regression	vcf_cohort	vcf.adapter.quality_control	vcf.parser.stats_report	bijux.schemas.bench.vcf-normalized-metrics.stats.v1	quality_control	quality_control	quality_control_metrics	vcf_report_map	covered	active row `vcf` / `vcf.stats` / `bcftools` appears in governed report section `quality_control` with summary table `quality_control_metrics` through `vcf_report_map`
